-- Create Time Dimension Table
CREATE TABLE Time_dimension (
    time_id INT PRIMARY KEY,
    date_record DATE,
    week_number INT,
    month_record VARCHAR(20),
    quarter_record VARCHAR(2),
    year_record INT
);

INSERT INTO Time_dimension (time_id, date_record, week_number, month_record, quarter_record, year_record) VALUES
(1, '2024-04-01', 14, 'April', 'Q2', 2024),
(2, '2024-04-02', 14, 'April', 'Q2', 2024),
(3, '2024-04-03', 14, 'April', 'Q2', 2024),
(4, '2024-04-04', 14, 'April', 'Q2', 2024),
(5, '2024-04-05', 14, 'April', 'Q2', 2024),
(6, '2024-04-06', 14, 'April', 'Q2', 2024),
(7, '2024-04-07', 14, 'April', 'Q2', 2024),
(8, '2024-04-08', 15, 'April', 'Q2', 2024),
(9, '2024-04-09', 15, 'April', 'Q2', 2024),
(10, '2024-04-10', 15, 'April', 'Q2', 2024),
(11, '2024-04-11', 15, 'April', 'Q2', 2024),
(12, '2024-04-12', 15, 'April', 'Q2', 2024),
(13, '2024-04-13', 15, 'April', 'Q2', 2024),
(14, '2024-04-14', 15, 'April', 'Q2', 2024),
(15, '2024-04-15', 16, 'April', 'Q2', 2024),
(16, '2024-04-16', 16, 'April', 'Q2', 2024),
(17, '2024-04-17', 16, 'April', 'Q2', 2024),
(18, '2024-04-18', 16, 'April', 'Q2', 2024),
(19, '2024-04-19', 16, 'April', 'Q2', 2024),
(20, '2024-04-20', 16, 'April', 'Q2', 2024),
(21, '2024-04-21', 16, 'April', 'Q2', 2024),
(22, '2024-04-22', 17, 'April', 'Q2', 2024),
(23, '2024-04-23', 17, 'April', 'Q2', 2024),
(24, '2024-04-24', 17, 'April', 'Q2', 2024),
(25, '2024-04-25', 17, 'April', 'Q2', 2024),
(26, '2024-04-26', 17, 'April', 'Q2', 2024),
(27, '2024-04-27', 17, 'April', 'Q2', 2024),
(28, '2024-04-28', 17, 'April', 'Q2', 2024),
(29, '2024-04-29', 17, 'April', 'Q2', 2024),
(30, '2024-04-30', 17, 'April', 'Q2', 2024),
(31, '2024-05-01', 18, 'May', 'Q2', 2024),
(32, '2024-05-02', 18, 'May', 'Q2', 2024),
(33, '2024-05-03', 18, 'May', 'Q2', 2024),
(34, '2024-05-04', 18, 'May', 'Q2', 2024),
(35, '2024-05-05', 18, 'May', 'Q2', 2024),
(36, '2024-05-06', 18, 'May', 'Q2', 2024),
(37, '2024-05-07', 18, 'May', 'Q2', 2024),
(38, '2024-05-08', 19, 'May', 'Q2', 2024),
(39, '2024-05-09', 19, 'May', 'Q2', 2024),
(40, '2024-05-10', 19, 'May', 'Q2', 2024),
(41, '2024-05-11', 19, 'May', 'Q2', 2024),
(42, '2024-05-12', 19, 'May', 'Q2', 2024),
(43, '2024-05-13', 19, 'May', 'Q2', 2024),
(44, '2024-05-14', 19, 'May', 'Q2', 2024),
(45, '2024-05-15', 20, 'May', 'Q2', 2024),
(46, '2024-05-16', 20, 'May', 'Q2', 2024),
(47, '2024-05-17', 20, 'May', 'Q2', 2024),
(48, '2024-05-18', 20, 'May', 'Q2', 2024),
(49, '2024-05-19', 20, 'May', 'Q2', 2024),
(50, '2024-05-20', 20, 'May', 'Q2', 2024);

select * from Time_dimension;



-- Create Customer Dimension Table
CREATE TABLE Customer_dimension (
    customer_id INT PRIMARY KEY,
    customer_name VARCHAR(50),
    customer_email VARCHAR(100),
    customer_address VARCHAR(100),
    customer_city VARCHAR(50),
    customer_zipcode VARCHAR(10)
);

INSERT INTO Customer_dimension (customer_id, customer_name, customer_email, customer_address, customer_city, customer_zipcode) VALUES
(1, 'Amit Desai', 'amit.desai@example.com', '12 MG Road, Andheri East', 'Mumbai', 400001),
(2, 'Priya Shah', 'priya.shah@example.com', '45 Linking Road, Bandra', 'Mumbai', 400002),
(3, 'Rahul Mehta', 'rahul.mehta@example.com', '78 Worli Sea Face, Worli', 'Mumbai', 400003),
(4, 'Sneha Joshi', 'sneha.joshi@example.com', '90 Sion Fort, Sion', 'Mumbai', 400004),
(5, 'Rohan Patel', 'rohan.patel@example.com', '33 Colaba Causeway, Colaba', 'Mumbai', 400005),
(6, 'Neha Kulkarni', 'neha.kulkarni@example.com', '67 Juhu Beach Road, Juhu', 'Mumbai', 400006),
(7, 'Vikram Nair', 'vikram.nair@example.com', '21 Marine Drive, Churchgate', 'Mumbai', 400007),
(8, 'Shreya Reddy', 'shreya.reddy@example.com', '56 Powai Lake View, Powai', 'Mumbai', 400008),
(9, 'Suresh Patil', 'suresh.patil@example.com', '101 Shivaji Park, Dadar', 'Mumbai', 400009),
(10, 'Divya Iyer', 'divya.iyer@example.com', '34 Lower Parel, Parel', 'Mumbai', 400010),
(11, 'Manoj Singh', 'manoj.singh@example.com', '11 Connaught Place, New Delhi', 'Delhi', 110001),
(12, 'Anita Verma', 'anita.verma@example.com', '22 Janpath, New Delhi', 'Delhi', 110002),
(13, 'Sandeep Kumar', 'sandeep.kumar@example.com', '33 Lajpat Nagar, South Delhi', 'Delhi', 110003),
(14, 'Kavita Gupta', 'kavita.gupta@example.com', '44 Hauz Khas, South Delhi', 'Delhi', 110004),
(15, 'Vijay Sharma', 'vijay.sharma@example.com', '55 Dwarka Sector 10, Dwarka', 'Delhi', 110005),
(16, 'Pooja Malik', 'pooja.malik@example.com', '66 Vasant Kunj, South Delhi', 'Delhi', 110006),
(17, 'Rakesh Reddy', 'rakesh.reddy@example.com', '77 Saket, South Delhi', 'Delhi', 110007),
(18, 'Sunita Chawla', 'sunita.chawla@example.com', '88 Rajinder Nagar, East Delhi', 'Delhi', 110008),
(19, 'Amitabh Joshi', 'amitabh.joshi@example.com', '99 Patel Nagar, West Delhi', 'Delhi', 110009),
(20, 'Ritu Aggarwal', 'ritu.aggarwal@example.com', '100 Laxmi Nagar, East Delhi', 'Delhi', 110010),
(21, 'Vijay Kumar', 'vijay.kumar@example.com', '12 MG Road, Indiranagar', 'Bangalore', 560001),
(22, 'Deepa Reddy', 'deepa.reddy@example.com', '23 Brigade Road, MG Road', 'Bangalore', 560002),
(23, 'Suresh Rao', 'suresh.rao@example.com', '34 Residency Road, Koramangala', 'Bangalore', 560003),
(24, 'Lakshmi Menon', 'lakshmi.menon@example.com', '45 Church Street, Jayanagar', 'Bangalore', 560004),
(25, 'Arun Pillai', 'arun.pillai@example.com', '56 Cunningham Road, Malleshwaram', 'Bangalore', 560005),
(26, 'Rekha Nair', 'rekha.nair@example.com', '67 Ulsoor Road, Ulsoor', 'Bangalore', 560006),
(27, 'Ramesh Bhat', 'ramesh.bhat@example.com', '78 MG Road, Whitefield', 'Bangalore', 560007),
(28, 'Meena Shetty', 'meena.shetty@example.com', '89 Sarjapur Road, Sarjapur', 'Bangalore', 560008),
(29, 'Anil Kumar', 'anil.kumar@example.com', '90 Old Airport Road, Yelahanka', 'Bangalore', 560009),
(30, 'Sunita Desai', 'sunita.desai@example.com', '101 HSR Layout, HSR', 'Bangalore', 560010),
(31, 'Rohit Reddy', 'rohit.reddy@example.com', '12 Banjara Hills, Jubilee Hills', 'Hyderabad', 500001),
(32, 'Sushmita Rao', 'sushmita.rao@example.com', '23 Necklace Road, Banjara', 'Hyderabad', 500002),
(33, 'Ajay Kumar', 'ajay.kumar@example.com', '34 Tank Bund, Lakdikapul', 'Hyderabad', 500003),
(34, 'Preeti Singh', 'preeti.singh@example.com', '45 Himayat Nagar, Himayatnagar', 'Hyderabad', 500004),
(35, 'Vikas Verma', 'vikas.verma@example.com', '56 Gachibowli, Gachibowli', 'Hyderabad', 500005),
(36, 'Anjali Kapoor', 'anjali.kapoor@example.com', '67 Kukatpally, Kukatpally', 'Hyderabad', 500006),
(37, 'Sandeep Reddy', 'sandeep.reddy@example.com', '78 Ameerpet, Ameerpet', 'Hyderabad', 500007),
(38, 'Mala Nair', 'mala.nair@example.com', '89 Banjara Hills, Banjara', 'Hyderabad', 500008),
(39, 'Harish Gupta', 'harish.gupta@example.com', '90 Madhapur, Madhapur', 'Hyderabad', 500009),
(40, 'Kiran Rao', 'kiran.rao@example.com', '101 Gachibowli, Gachibowli', 'Hyderabad', 500010),
(41, 'Murali Krishnan', 'murali.krishnan@example.com', '12 Anna Salai, Georgetown', 'Chennai', 600001),
(42, 'Lakshmi Subramanian', 'lakshmi.subramanian@example.com', '23 T. Nagar, T. Nagar', 'Chennai', 600002),
(43, 'Sivakumar Iyer', 'sivakumar.iyer@example.com', '34 Mount Road, Mylapore', 'Chennai', 600003),
(44, 'Divya Ramesh', 'divya.ramesh@example.com', '45 Anna Salai, Egmore', 'Chennai', 600004),
(45, 'Karthik Kumar', 'karthik.kumar@example.com', '56 R.A. Puram, Egmore', 'Chennai', 600005),
(46, 'Nandini Rao', 'nandini.rao@example.com', '67 Poonamallee High Road, Poonamallee', 'Chennai', 600006),
(47, 'Arvind Menon', 'arvind.menon@example.com', '78 Velachery Main Road, Velachery', 'Chennai', 600007),
(48, 'Priya Nair', 'priya.nair@example.com', '89 OMR, Besant Nagar', 'Chennai', 600008),
(49, 'Sundar Reddy', 'sundar.reddy@example.com', '90 GST Road, Tambaram', 'Chennai', 600009),
(50, 'Meera Krishnan', 'meera.krishnan@example.com', '101 Mount Road, Mylapore', 'Chennai', 600010),
(51, 'Ramesh Chatterjee', 'ramesh.chatterjee@example.com', '12 Park Street, Central', 'Kolkata', 700001),
(52, 'Sunita Banerjee', 'sunita.banerjee@example.com', '23 Park Street, Bhowanipore', 'Kolkata', 700002),
(53, 'Amitava Ghosh', 'amitava.ghosh@example.com', '34 Mother Teresa Sarani, Ballygunge', 'Kolkata', 700003),
(54, 'Madhuri Sen', 'madhuri.sen@example.com', '45 Sudder Street, Burrabazar', 'Kolkata', 700004),
(55, 'Pradeep Roy', 'pradeep.roy@example.com', '56 Camac Street, New Town', 'Kolkata', 700005),
(56, 'Kalyani Das', 'kalyani.das@example.com', '67 MG Road, Salt Lake', 'Kolkata', 700006),
(57, 'Sourav Dutta', 'sourav.dutta@example.com', '78 Howrah Bridge Road, Howrah', 'Kolkata', 700007),
(58, 'Lata Mukherjee', 'lata.mukherjee@example.com', '89 Rabindra Sarani, Esplanade', 'Kolkata', 700008),
(59, 'Subhash Mukherjee', 'subhash.mukherjee@example.com', '90 Park Street, Dalhousie', 'Kolkata', 700009),
(60, 'Rina Chatterjee', 'rina.chatterjee@example.com', '101 Chowringhee Road, Chowringhee', 'Kolkata', 700010),
(61, 'Sagar Deshmukh', 'sagar.deshmukh@example.com', '12 FC Road, Koregaon Park', 'Pune', 411001),
(62, 'Isha Kulkarni', 'isha.kulkarni@example.com', '23 JM Road, Shivajinagar', 'Pune', 411002),
(63, 'Aakash Patil', 'aakash.patil@example.com', '34 Senapati Bapat Road, Camp', 'Pune', 411003),
(64, 'Sneha Deshpande', 'sneha.deshpande@example.com', '45 MG Road, Wanowrie', 'Pune', 411004),
(65, 'Rohit Shinde', 'rohit.shinde@example.com', '56 Baner Road, Shivajinagar', 'Pune', 411005),
(66, 'Mira More', 'mira.more@example.com', '67 Viman Nagar Road, Viman Nagar', 'Pune', 411006),
(67, 'Rahul Jadhav', 'rahul.jadhav@example.com', '78 Karve Road, Koregaon Park', 'Pune', 411007),
(68, 'Aishwarya Deshmukh', 'aishwarya.deshmukh@example.com', '89 JM Road, Hadapsar', 'Pune', 411008),
(69, 'Manoj Patil', 'manoj.patil@example.com', '90 Laxmi Road, Shivajinagar', 'Pune', 411009),
(70, 'Kavya Kulkarni', 'kavya.kulkarni@example.com', '101 Kalyani Nagar, Kothrud', 'Pune', 411010),
(71, 'Rakesh Patel', 'rakesh.patel@example.com', '12 Law Garden Road, Navrangpura', 'Ahmedabad', 380001),
(72, 'Meena Shah', 'meena.shah@example.com', '23 CG Road, Maninagar', 'Ahmedabad', 380002),
(73, 'Amit Desai', 'amit.desai@example.com', '34 Satellite Road, Vastrapur', 'Ahmedabad', 380003),
(74, 'Priya Joshi', 'priya.joshi@example.com', '45 Ashram Road, Ellisbridge', 'Ahmedabad', 380004),
(75, 'Sanjay Mehta', 'sanjay.mehta@example.com', '56 SG Highway, Paldi', 'Ahmedabad', 380005),
(76, 'Neha Patel', 'neha.patel@example.com', '67 NR Square, Kalupur', 'Ahmedabad', 380006),
(77, 'Vijay Shah', 'vijay.shah@example.com', '78 Ashram Road, Navrangpura', 'Ahmedabad', 380007),
(78, 'Kiran Desai', 'kiran.desai@example.com', '89 C.G. Road, Navrangpura', 'Ahmedabad', 380008),
(79, 'Arjun Shah', 'arjun.shah@example.com', '90 Satellite Road, Maninagar', 'Ahmedabad', 380009),
(80, 'Sonia Mehta', 'sonia.mehta@example.com', '101 SG Highway, Ellisbridge', 'Ahmedabad', 380010),
(81, 'Rohan Singh', 'rohan.singh@example.com', '12 Johari Bazaar, Bani Park', 'Jaipur', 302001),
(82, 'Pooja Sharma', 'pooja.sharma@example.com', '23 MI Road, C-Scheme', 'Jaipur', 302002),
(83, 'Amit Kumar', 'amit.kumar@example.com', '34 Ajmer Road, Vaishali Nagar', 'Jaipur', 302003),
(84, 'Neelam Gupta', 'neelam.gupta@example.com', '45 M.I. Road, Raja Park', 'Jaipur', 302004),
(85, 'Suresh Yadav', 'suresh.yadav@example.com', '56 Tonk Road, Kishangarh', 'Jaipur', 302005),
(86, 'Komal Mehta', 'komal.mehta@example.com', '67 Raja Park, Malviya Nagar', 'Jaipur', 302006),
(87, 'Vikas Singh', 'vikas.singh@example.com', '78 Bani Park, Jhotwara', 'Jaipur', 302007),
(88, 'Ritu Sharma', 'ritu.sharma@example.com', '89 Jawahar Lal Nehru Marg, Jagatpura', 'Jaipur', 302008),
(89, 'Manoj Kumar', 'manoj.kumar@example.com', '90 Ajmer Road, Kishangarh', 'Jaipur', 302009),
(90, 'Anjali Singh', 'anjali.singh@example.com', '101 MI Road, C-Scheme', 'Jaipur', 302010),
(91, 'Rajesh Singh', 'rajesh.singh@example.com', '12 Aminabad Road, Aminabad', 'Lucknow', 226001),
(92, 'Seema Mishra', 'seema.mishra@example.com', '23 Hazratganj, Lucknow', 'Lucknow', 226002),
(93, 'Vijay Prasad', 'vijay.prasad@example.com', '34 Hazratganj, Lucknow', 'Lucknow', 226003),
(94, 'Anita Singh', 'anita.singh@example.com', '45 Mall Road, Aliganj', 'Lucknow', 226004),
(95, 'Sanjay Kumar', 'sanjay.kumar@example.com', '56 Chowk, Lucknow', 'Lucknow', 226005),
(96, 'Rekha Verma', 'rekha.verma@example.com', '67 Aminabad Road, Hazratganj', 'Lucknow', 226006),
(97, 'Arun Sharma', 'arun.sharma@example.com', '78 MG Road, Gomti Nagar', 'Lucknow', 226007),
(98, 'Deepa Singh', 'deepa.singh@example.com', '89 Lucknow Road, Alambagh', 'Lucknow', 226008),
(99, 'Kamal Gupta', 'kamal.gupta@example.com', '90 Hazratganj, Lucknow', 'Lucknow', 226009),
(100, 'Sunita Pandey', 'sunita.pandey@example.com', '101 Aminabad, Lucknow', 'Lucknow', 226010),
(101, 'Harpreet Kaur', 'harpreet.kaur@example.com', '12 Sector 17, Industrial Area', 'Chandigarh', 160001),
(102, 'Gurpreet Singh', 'gurpreet.singh@example.com', '23 Sector 10, Industrial Area', 'Chandigarh', 160002),
(103, 'Maninder Kaur', 'maninder.kaur@example.com', '34 Sector 22, Industrial Area', 'Chandigarh', 160003),
(104, 'Sandeep Singh', 'sandeep.singh@example.com', '45 Sector 15, Industrial Area', 'Chandigarh', 160004),
(105, 'Simran Kaur', 'simran.kaur@example.com', '56 Sector 8, Industrial Area', 'Chandigarh', 160005),
(106, 'Rajdeep Singh', 'rajdeep.singh@example.com', '67 Sector 10, Industrial Area', 'Chandigarh', 160006),
(107, 'Navdeep Kaur', 'navdeep.kaur@example.com', '78 Sector 12, Industrial Area', 'Chandigarh', 160007),
(108, 'Parminder Singh', 'parminder.singh@example.com', '89 Sector 11, Industrial Area', 'Chandigarh', 160008),
(109, 'Amritpal Kaur', 'amritpal.kaur@example.com', '90 Sector 16, Industrial Area', 'Chandigarh', 160009),
(110, 'Baljit Singh', 'baljit.singh@example.com', '101 Sector 20, Industrial Area', 'Chandigarh', 160010),
(111, 'Suresh Menon', 'suresh.menon@example.com', '12 MG Road, Marine Drive', 'Kochi', 682001),
(112, 'Lakshmi Nair', 'lakshmi.nair@example.com', '23 Sahodaran Ayyappan Road, Fort Kochi', 'Kochi', 682002),
(113, 'Ravi Varma', 'ravi.varma@example.com', '34 MG Road, Ernakulam', 'Kochi', 682003),
(114, 'Anjali Menon', 'anjali.menon@example.com', '45 Kaloor, Kakkanad', 'Kochi', 682004),
(115, 'Vijay Nair', 'vijay.nair@example.com', '56 MG Road, Edappally', 'Kochi', 682005),
(116, 'Sita Menon', 'sita.menon@example.com', '67 Bishop Road, Fort Kochi', 'Kochi', 682006),
(117, 'Ramesh Kumar', 'ramesh.kumar@example.com', '78 Marine Drive, Mattancherry', 'Kochi', 682007),
(118, 'Divya Nair', 'divya.nair@example.com', '89 MG Road, Panampilly Nagar', 'Kochi', 682008),
(119, 'Arun Varma', 'arun.varma@example.com', '90 Kaloor Road, Ernakulam', 'Kochi', 682009),
(120, 'Neeta Menon', 'neeta.menon@example.com', '101 MG Road, Fort Kochi', 'Kochi', 682010),
(121, 'Prakash Deshmukh', 'prakash.deshmukh@example.com', '12 Wardha Road, Civil Lines', 'Nagpur', 440001),
(122, 'Geeta Patil', 'geeta.patil@example.com', '23 Sitabuldi, Nagpur', 'Nagpur', 440002),
(123, 'Mahesh Singh', 'mahesh.singh@example.com', '34 Kamptee Road, Hingna', 'Nagpur', 440003),
(124, 'Radhika Joshi', 'radhika.joshi@example.com', '45 Fatima Road, Dharampeth', 'Nagpur', 440004),
(125, 'Sanjay Patil', 'sanjay.patil@example.com', '56 Wardha Road, Sadar', 'Nagpur', 440005),
(126, 'Anita Singh', 'anita.singh@example.com', '67 Dharampeth, Nagpur', 'Nagpur', 440006),
(127, 'Vijay Patil', 'vijay.patil@example.com', '78 Sadar Road, Ambazari', 'Nagpur', 440007),
(128, 'Meena Deshmukh', 'meena.deshmukh@example.com', '89 Sitabuldi, Nagpur', 'Nagpur', 440008),
(129, 'Amit Gupta', 'amit.gupta@example.com', '90 Kamptee Road, Hingna', 'Nagpur', 440009),
(130, 'Suman Patil', 'suman.patil@example.com', '101 Civil Lines, Nagpur', 'Nagpur', 440010),
(131, 'Rajesh Kumar', 'rajesh.kumar@example.com', '12 New Market Road, Arera Colony', 'Bhopal', 462001),
(132, 'Deepa Singh', 'deepa.singh@example.com', '23 Maharana Pratap Nagar, Arera Colony', 'Bhopal', 462002),
(133, 'Vikram Patel', 'vikram.patel@example.com', '34 MP Nagar, Indrapuri', 'Bhopal', 462003),
(134, 'Sonal Mehta', 'sonal.mehta@example.com', '45 Bharatpur Road, Hoshangabad', 'Bhopal', 462004),
(135, 'Anil Verma', 'anil.verma@example.com', '56 Gandhi Marg, Kalka', 'Bhopal', 462005),
(136, 'Kiran Sharma', 'kiran.sharma@example.com', '67 MG Road, Kolar', 'Bhopal', 462006),
(137, 'Ravi Deshmukh', 'ravi.deshmukh@example.com', '78 Tilak Road, Mandideep', 'Bhopal', 462007),
(138, 'Pooja Singh', 'pooja.singh@example.com', '89 Sabarmati, Sukhliya', 'Bhopal', 462008),
(139, 'Suresh Yadav', 'suresh.yadav@example.com', '90 Indrapuri, Bhopal', 'Bhopal', 462009),
(140, 'Neeta Patel', 'neeta.patel@example.com', '101 Rajghat, Bhopal', 'Bhopal', 462010),
(141, 'Amit Sharma', 'amit.sharma@example.com', '12 MG Road, Vijay Nagar', 'Indore', 452001),
(142, 'Pooja Verma', 'pooja.verma@example.com', '23 Palm Drive, New Indore', 'Indore', 452002),
(143, 'Rohit Patel', 'rohit.patel@example.com', '34 Sanwer Road, Vijay Nagar', 'Indore', 452003),
(144, 'Sonal Shah', 'sonal.shah@example.com', '45 Narmadapuram Road, Old Palasia', 'Indore', 452004),
(145, 'Deepak Mehta', 'deepak.mehta@example.com', '56 Mhow Road, Rau', 'Indore', 452005),
(146, 'Anjali Singh', 'anjali.singh@example.com', '67 Shyam Road, Sanwer', 'Indore', 452006),
(147, 'Manoj Gupta', 'manoj.gupta@example.com', '78 Airport Road, Rau', 'Indore', 452007),
(148, 'Kavita Reddy', 'kavita.reddy@example.com', '89 AB Road, Vijay Nagar', 'Indore', 452008),
(149, 'Vikas Kumar', 'vikas.kumar@example.com', '90 MG Road, New Indore', 'Indore', 452009),
(150, 'Rita Patel', 'rita.patel@example.com', '101 Indore Bypass, Indore', 'Indore', 452010),
(151, 'Suresh Patel', 'suresh.patel@example.com', '12 Ring Road, Adajan', 'Surat', 395001),
(152, 'Neha Shah', 'neha.shah@example.com', '23 Dumas Road, Athwa', 'Surat', 395002),
(153, 'Ravi Desai', 'ravi.desai@example.com', '34 Sardar Patel Road, Pal', 'Surat', 395003),
(154, 'Pooja Mehta', 'pooja.mehta@example.com', '45 Udhana Road, Varachha', 'Surat', 395004),
(155, 'Amit Joshi', 'amit.joshi@example.com', '56 Navsari Road, Adajan', 'Surat', 395005),
(156, 'Kiran Patel', 'kiran.patel@example.com', '67 Ring Road, Piplod', 'Surat', 395006),
(157, 'Vijay Shah', 'vijay.shah@example.com', '78 Satellite Road, Pal', 'Surat', 395007),
(158, 'Sunita Desai', 'sunita.desai@example.com', '89 Katargam Road, Katargam', 'Surat', 395008),
(159, 'Rahul Mehta', 'rahul.mehta@example.com', '90 Varachha Road, Athwa', 'Surat', 395009),
(160, 'Ritu Shah', 'ritu.shah@example.com', '101 Surat Road, Pal', 'Surat', 395010),
(161, 'Anil Kumar', 'anil.kumar@example.com', '12 Gandhi Maidan Road, Patna City', 'Patna', 800001),
(162, 'Sunita Kumari', 'sunita.kumari@example.com', '23 Maurya Lok, Patna', 'Patna', 800002),
(163, 'Rajesh Kumar', 'rajesh.kumar@example.com', '34 Bailey Road, Patna', 'Patna', 800003),
(164, 'Rekha Singh', 'rekha.singh@example.com', '45 Ashok Rajpath, Patna', 'Patna', 800004),
(165, 'Vikram Singh', 'vikram.singh@example.com', '56 Patel More, Patna', 'Patna', 800005),
(166, 'Pooja Devi', 'pooja.devi@example.com', '67 Kankarbagh, Patna', 'Patna', 800006),
(167, 'Manoj Kumar', 'manoj.kumar@example.com', '78 Bailey Road, Patna', 'Patna', 800007),
(168, 'Neelam Kumari', 'neelam.kumari@example.com', '89 Patna City, Patna', 'Patna', 800008),
(169, 'Sanjay Singh', 'sanjay.singh@example.com', '90 Gandhi Maidan Road, Patna', 'Patna', 800009),
(170, 'Anita Devi', 'anita.devi@example.com', '101 Maurya Lok, Patna', 'Patna', 800010),
(171, 'Rakesh Rao', 'rakesh.rao@example.com', '12 Sayajigunj, Central', 'Vadodara', 390001),
(172, 'Deepa Shah', 'deepa.shah@example.com', '23 Alkapuri, Central', 'Vadodara', 390002),
(173, 'Suresh Patel', 'suresh.patel@example.com', '34 Mandvi, Central', 'Vadodara', 390003),
(174, 'Neeta Desai', 'neeta.desai@example.com', '45 Gotri, Central', 'Vadodara', 390004),
(175, 'Amit Shah', 'amit.shah@example.com', '56 Eklakhi, Central', 'Vadodara', 390005),
(176, 'Kiran Patel', 'kiran.patel@example.com', '67 Alkapuri, Central', 'Vadodara', 390006),
(177, 'Vijay Mehta', 'vijay.mehta@example.com', '78 Bhagat, Central', 'Vadodara', 390007),
(178, 'Priya Rao', 'priya.rao@example.com', '89 Akota, Central', 'Vadodara', 390008),
(179, 'Rajesh Desai', 'rajesh.desai@example.com', '90 Bhatar, Central', 'Vadodara', 390009),
(180, 'Sonal Patel', 'sonal.patel@example.com', '101 Vasna, Central', 'Vadodara', 390010),
(181, 'Gurpreet Singh', 'gurpreet.singh@example.com', '12 Ferozepur Road, Urban Area', 'Ludhiana', 141001),
(182, 'Simran Kaur', 'simran.kaur@example.com', '23 Model Town, Urban Area', 'Ludhiana', 141002),
(183, 'Baljit Singh', 'baljit.singh@example.com', '34 Civil Lines, Urban Area', 'Ludhiana', 141003),
(184, 'Rajinder Kaur', 'rajinder.kaur@example.com', '45 Guru Nanak Road, Urban Area', 'Ludhiana', 141004),
(185, 'Manjit Singh', 'manjit.singh@example.com', '56 East Ludhiana, Urban Area', 'Ludhiana', 141005),
(186, 'Sukhwinder Kaur', 'sukhwinder.kaur@example.com', '67 Railway Road, Urban Area', 'Ludhiana', 141006),
(187, 'Harsimran Singh', 'harsimran.singh@example.com', '78 West Ludhiana, Urban Area', 'Ludhiana', 141007),
(188, 'Navjot Kaur', 'navjot.kaur@example.com', '89 Cantonment, Urban Area', 'Ludhiana', 141008),
(189, 'Harpreet Singh', 'harpreet.singh@example.com', '90 Punjab Road, Urban Area', 'Ludhiana', 141009),
(190, 'Amarjeet Kaur', 'amarjeet.kaur@example.com', '101 Station Road, Urban Area', 'Ludhiana', 141010),
(191, 'Karthik Reddy', 'karthik.reddy@example.com', '12 Avinashi Road, R.S. Puram', 'Coimbatore', 641001),
(192, 'Divya Nair', 'divya.nair@example.com', '23 Pollachi Road, Peelamedu', 'Coimbatore', 641002),
(193, 'Suresh Kumar', 'suresh.kumar@example.com', '34 Trichy Road, Saravanampatti', 'Coimbatore', 641003),
(194, 'Lakshmi Iyer', 'lakshmi.iyer@example.com', '45 Peelamedu, Peelamedu', 'Coimbatore', 641004),
(195, 'Rahul Menon', 'rahul.menon@example.com', '56 Avinashi Road, RS Puram', 'Coimbatore', 641005),
(196, 'Meena Krishnan', 'meena.krishnan@example.com', '67 Gopalakrishnan Street, Gopalapuram', 'Coimbatore', 641006),
(197, 'Arun Kumar', 'arun.kumar@example.com', '78 Mettupalayam Road, Singanallur', 'Coimbatore', 641007),
(198, 'Anita Reddy', 'anita.reddy@example.com', '89 Peelamedu, Peelamedu', 'Coimbatore', 641008),
(199, 'Vijay Kumar', 'vijay.kumar@example.com', '90 Sathy Road, RS Puram', 'Coimbatore', 641009),
(200, 'Sneha Menon', 'sneha.menon@example.com', '101 Marudamalai Road, Marudamalai', 'Coimbatore', 641010);

select * from Customer_dimension;



-- Create Plan Dimension Table
CREATE TABLE Plan_dimension (
    plan_id INT PRIMARY KEY,
    plan_name VARCHAR(50),
    plan_price DECIMAL(10, 2),
    channel_package VARCHAR(100),
    plan_duration VARCHAR(20)
);
INSERT INTO Plan_dimension (plan_id, plan_name, plan_price, channel_package, plan_duration) VALUES
(1, 'Basic', 299, 'Basic Channels', '30 days'),
(2, 'Premium', 499, 'Premium Channels', '30 days'),
(3, 'Standard Plan', 399, 'Essentials Plus', '30 days'),
(4, 'Family Plan', 499, 'Family Pack', '30 days'),
(5, 'Sports Plan', 299, 'Sports Pack', '30 days'),
(6, 'Entertainment Plan', 349, 'Entertainment Pack', '30 days'),
(7, 'HD Plan', 449, 'HD Pack', '30 days'),
(8, 'Ultra HD Plan', 549, 'Ultra HD Pack', '30 days'),
(9, 'Kids Plan', 249, 'Kids Pack', '30 days'),
(10, 'News Plan', 199, 'News Pack', '30 days'),
(11, 'Economy Plan', 199, 'Economy Channels', '30 days'),
(12, 'Value Plan', 249, 'Value Channels', '30 days'),
(13, 'Silver Plan', 349, 'Silver Package', '30 days'),
(14, 'Gold Plan', 449, 'Gold Package', '30 days'),
(15, 'Platinum Plan', 599, 'Platinum Package', '30 days'),
(16, 'Movie Pack', 399, 'Movie Channels', '30 days'),
(17, 'International Plan', 499, 'Global Channels', '30 days'),
(18, 'Regional Plan', 299, 'Regional Channels', '30 days'),
(19, 'Combo Plan', 399, 'Combo Channels', '30 days'),
(20, 'Music Plan', 199, 'Music Channels', '30 days'),
(21, 'Drama Plan', 249, 'Drama Channels', '30 days'),
(22, 'Documentary Plan', 349, 'Documentary Channels', '30 days'),
(23, 'Lifestyle Plan', 299, 'Lifestyle Channels', '30 days'),
(24, 'Adventure Plan', 399, 'Adventure Channels', '30 days'),
(25, 'Sports Plus', 349, 'Sports Plus Pack', '30 days'),
(26, 'Ultimate Entertainment', 599, 'Ultimate Entertainment Pack', '30 days'),
(27, 'Classic Plan', 279, 'Classic Channels', '30 days'),
(28, 'Retro Plan', 229, 'Retro Channels', '30 days'),
(29, 'Kids Plus', 299, 'Kids Plus Pack', '30 days'),
(30, 'Teen Plan', 249, 'Teen Channels', '30 days'),
(31, 'Family Plus', 549, 'Family Plus Pack', '30 days'),
(32, 'Super Sports', 399, 'Super Sports Pack', '30 days'),
(33, 'Live Sports', 349, 'Live Sports Channels', '30 days'),
(34, 'Multi-Lingual Plan', 449, 'Multi-Lingual Channels', '30 days'),
(35, 'Regional Plus', 349, 'Enhanced Regional Pack', '30 days'),
(36, 'Economy Plus', 219, 'Economy Plus Pack', '30 days'),
(37, 'Digital Plan', 299, 'Digital Channels', '30 days'),
(38, 'Cinema Plan', 399, 'Cinema Channels', '30 days'),
(39, 'Deluxe Plan', 499, 'Deluxe Channel Pack', '30 days'),
(40, 'VIP Plan', 699, 'VIP Channel Pack', '30 days'),
(41, 'Ultra Combo', 599, 'Ultra Combo Pack', '30 days'),
(42, 'Express Plan', 199, 'Express Channels', '30 days'),
(43, 'Premium Plus', 649, 'Premium Plus Pack', '30 days'),
(44, 'Balanced Plan', 349, 'Balanced Channel Pack', '30 days'),
(45, 'Focus Plan', 299, 'Focused Channels', '30 days'),
(46, 'Trend Plan', 399, 'Trendy Channels', '30 days'),
(47, 'Smart Plan', 249, 'Smart Channels', '30 days'),
(48, 'Flex Plan', 279, 'Flexible Channels', '30 days'),
(49, 'Connect Plan', 329, 'Connected Channels', '30 days'),
(50, 'Ultimate Combo', 749, 'Ultimate Combo Pack', '30 days');

select * from Plan_dimension;



-- Create Reason Dimension Table
CREATE TABLE Reason_dimension (
    reason_id INT PRIMARY KEY,
    reason_category VARCHAR(50),
    reason_description VARCHAR(100)
);

INSERT INTO Reason_dimension (reason_id, reason_category, reason_description) VALUES
(1, 'Price', 'Plan is too expensive compared to competitors'),
(2, 'Content', 'Insufficient number of channels available'),
(3, 'Service', 'Poor customer service experience overall'),
(4, 'Customer Service', 'Unresponsive support when issues arise'),
(5, 'Relocation', 'Moving to an area where the service is unavailable'),
(6, 'Financial Constraints', 'Customer unable to afford the subscription'),
(7, 'Streaming Services', 'Switching to on-demand streaming platforms'),
(8, 'Technical Issues', 'Frequent technical glitches and signal loss'),
(9, 'Lack of Use', 'Plan underutilized due to low viewing frequency'),
(10, 'Better Offer', 'Found a better deal with a competitor'),
(11, 'Signal Quality', 'Poor signal strength and constant disruptions'),
(12, 'Billing Issues', 'Recurring billing errors and unexpected charges'),
(13, 'Installation Problems', 'Delayed or unsatisfactory installation service'),
(14, 'Hidden Charges', 'Extra fees that were not clearly communicated'),
(15, 'Outdated Technology', 'Service equipment is outdated and inefficient'),
(16, 'Limited Packages', 'Few package options to suit diverse needs'),
(17, 'Unreliable Service', 'Frequent service outages and interruptions'),
(18, 'Unclear Pricing', 'Confusing pricing structure and hidden costs'),
(19, 'Contract Disputes', 'Disagreements with contract terms and conditions'),
(20, 'Maintenance Downtime', 'Frequent downtime for maintenance work'),
(21, 'Promotional Misleading', 'Promotional offers that did not meet expectations'),
(22, 'Change in Preferences', 'Shift in viewing habits and content preferences'),
(23, 'Regional Content', 'Lack of local or regional channels in the package'),
(24, 'Language Barriers', 'Preferred language channels are missing'),
(25, 'Ad Overload', 'Excessive advertisements during programming'),
(26, 'Poor Picture Quality', 'Low resolution and subpar visual quality'),
(27, 'Inadequate Features', 'Missing interactive or advanced features'),
(28, 'Package Complexity', 'Overly complicated package structure'),
(29, 'Competitor Innovation', 'Competitor offers more innovative services'),
(30, 'Service Reliability', 'Frequent interruptions affecting reliability'),
(31, 'Customer Loyalty Issues', 'No rewards or recognition for loyal customers'),
(32, 'Upgrade Issues', 'Difficulties in upgrading to better plans'),
(33, 'Slow Customer Support', 'Long waiting times for technical support'),
(34, 'Network Issues', 'Poor network infrastructure impacting service quality'),
(35, 'Technical Support', 'Inefficient technical support response'),
(36, 'App Performance', 'Mobile app crashes and performance issues'),
(37, 'Regional Expansion', 'Service not available in newly targeted areas'),
(38, 'Unmet Expectations', 'Service fails to meet advertised features'),
(39, 'Quality of Channels', 'Channels do not offer expected HD quality'),
(40, 'Inflexible Plans', 'No option to customize or change plans easily'),
(41, 'Unfriendly Interface', 'Difficult and outdated user interface on set-top box'),
(42, 'Inadequate News Coverage', 'Insufficient coverage of local and international news'),
(43, 'Poor Program Scheduling', 'Unfavorable scheduling of popular programs'),
(44, 'Low Value Add', 'Lack of additional features or bonus content'),
(45, 'Disruptive Ads', 'Excessive commercials disrupt viewing experience'),
(46, 'Energy Consumption', 'Set-top box uses too much power'),
(47, 'Environmental Concerns', 'Service not aligned with eco-friendly practices'),
(48, 'Privacy Concerns', 'Concerns over data security and privacy breaches'),
(49, 'Market Saturation', 'Too many similar services in the market causing confusion'),
(50, 'Service Interruptions', 'Frequent unexpected interruptions in service');

select * from Reason_dimension;



-- Create Channel Dimension Table
CREATE TABLE Channel_dimension (
    channel_id INT PRIMARY KEY,
    channel_name VARCHAR(50),
    channel_genre VARCHAR(50),
    channel_language VARCHAR(50)
);

INSERT INTO Channel_dimension (channel_id, channel_name, channel_genre, channel_language) VALUES
(1, 'CNN-News18', 'News', 'English'),
(2, 'NDTV', 'News', 'English'),
(3, 'Times Now', 'News', 'English'),
(4, 'Republic TV', 'News', 'English'),
(5, 'Zee News', 'News', 'Hindi'),
(6, 'Aaj Tak', 'News', 'Hindi'),
(7, 'ABP News', 'News', 'Hindi'),
(8, 'India Today', 'News', 'English'),
(9, 'CNBC-TV18', 'Business', 'English'),
(10, 'ET Now', 'Business', 'English'),
(11, 'Star Plus', 'Entertainment', 'Hindi'),
(12, 'Colors', 'Entertainment', 'Hindi'),
(13, 'Sony Entertainment', 'Entertainment', 'Hindi'),
(14, 'Zee TV', 'Entertainment', 'Hindi'),
(15, 'SAB TV', 'Entertainment', 'Hindi'),
(16, '&TV', 'Entertainment', 'Hindi'),
(17, 'Star Bharat', 'Entertainment', 'Hindi'),
(18, 'Sony SAB', 'Entertainment', 'Hindi'),
(19, 'Star Gold', 'Movies', 'Hindi'),
(20, 'Zee Cinema', 'Movies', 'Hindi'),
(21, 'Sony Max', 'Movies', 'Hindi'),
(22, 'UTV Movies', 'Movies', 'Hindi'),
(23, 'Star Movies', 'Movies', 'English'),
(24, 'Star World', 'Entertainment', 'English'),
(25, 'Colors Cineplex', 'Movies', 'Hindi'),
(26, 'Epic', 'Entertainment', 'Hindi'),
(27, 'Discovery Channel', 'Documentary', 'English'),
(28, 'History TV18', 'Documentary', 'English'),
(29, 'Nat Geo Wild', 'Documentary', 'English'),
(30, 'Animal Planet', 'Documentary', 'English'),
(31, 'Discovery Kids', 'Kids', 'English'),
(32, 'Cartoon Network', 'Kids', 'English'),
(33, 'Pogo', 'Kids', 'English'),
(34, 'Hungama TV', 'Kids', 'Hindi'),
(35, 'Sonic', 'Kids', 'Hindi'),
(36, 'Disney Channel', 'Kids', 'English'),
(37, 'Disney Channel India', 'Kids', 'Hindi'),
(38, 'Nick India', 'Kids', 'Hindi'),
(39, 'Star Sports', 'Sports', 'English'),
(40, 'Sony Ten', 'Sports', 'English'),
(41, 'Star Sports 1 Hindi', 'Sports', 'Hindi'),
(42, 'Star Sports Select 1', 'Sports', 'English'),
(43, 'Sony ESPN', 'Sports', 'Hindi'),
(44, 'Ten Golf', 'Sports', 'English'),
(45, 'DSPORT', 'Sports', 'English'),
(46, 'Eurosport India', 'Sports', 'English'),
(47, 'Star World Premiere', 'Movies', 'English'),
(48, 'HBO', 'Entertainment', 'English'),
(49, 'AXN', 'Entertainment', 'English'),
(50, 'Sony BBC Earth', 'Documentary', 'English'),
(51, 'BBC World News', 'News', 'English'),
(52, 'Zee TV Tamil', 'Entertainment', 'Tamil'),
(53, 'Sun TV', 'Entertainment', 'Tamil'),
(54, 'Star Vijay', 'Entertainment', 'Tamil'),
(55, 'Colors Tamil', 'Entertainment', 'Tamil'),
(56, 'Zee Tamil', 'Entertainment', 'Tamil'),
(57, 'Jaya TV', 'Entertainment', 'Tamil'),
(58, 'Kalaignar TV', 'Entertainment', 'Tamil'),
(59, 'Polimer TV', 'Entertainment', 'Tamil'),
(60, 'Raj TV', 'Entertainment', 'Tamil'),
(61, 'DD Podhigai', 'Entertainment', 'Tamil'),
(62, 'ETV Kannada', 'Entertainment', 'Kannada'),
(63, 'Udaya TV', 'Entertainment', 'Kannada'),
(64, 'Colors Kannada', 'Entertainment', 'Kannada'),
(65, 'Zee Kannada', 'Entertainment', 'Kannada'),
(66, 'Star Suvarna', 'Entertainment', 'Kannada'),
(67, 'TV9 Kannada', 'News', 'Kannada'),
(68, 'Public TV', 'Entertainment', 'Kannada'),
(69, 'Vasanth TV', 'Entertainment', 'Malayalam'),
(70, 'Asianet', 'Entertainment', 'Malayalam'),
(71, 'Surya TV', 'Entertainment', 'Malayalam'),
(72, 'Mazhavil Manorama', 'Entertainment', 'Malayalam'),
(73, 'Kairali TV', 'Entertainment', 'Malayalam'),
(74, 'Jaihind TV', 'News', 'Malayalam'),
(75, 'News18 Kerala', 'News', 'Malayalam'),
(76, 'Reporter TV', 'News', 'Malayalam'),
(77, 'Flowers TV', 'Entertainment', 'Malayalam'),
(78, 'Amrita TV', 'Entertainment', 'Malayalam'),
(79, 'DD News', 'News', 'English'),
(80, 'Lok Sabha TV', 'Parliamentary', 'English'),
(81, 'Rajya Sabha TV', 'Parliamentary', 'English'),
(82, 'Sansad TV', 'Parliamentary', 'English'),
(83, 'DD Sports', 'Sports', 'Hindi'),
(84, 'Sony TEN 2', 'Sports', 'English'),
(85, 'Sony ESPN HD', 'Sports', 'English'),
(86, 'NDTV Prime', 'Entertainment', 'English'),
(87, 'Colors Rishtey', 'Entertainment', 'Hindi'),
(88, 'Star Utsav', 'Entertainment', 'Hindi'),
(89, 'Epic TV', 'Entertainment', 'Hindi'),
(90, 'Big Magic', 'Entertainment', 'Hindi'),
(91, 'Star One', 'Entertainment', 'Hindi'),
(92, 'Zoom', 'Entertainment', 'Hindi'),
(93, 'NewsX', 'News', 'English'),
(94, 'India TV', 'News', 'Hindi'),
(95, 'WION', 'News', 'English'),
(96, 'Republic Bharat', 'News', 'Hindi'),
(97, 'ABP Ananda', 'News', 'Bengali'),
(98, 'Zee 24 Ghanta', 'News', 'Hindi'),
(99, 'Dangal', 'Entertainment', 'Hindi'),
(100, 'Sun Bollywood', 'Entertainment', 'Hindi'),
(101, 'Zee Marathi', 'Entertainment', 'Marathi'),
(102, 'Colors Marathi', 'Entertainment', 'Marathi'),
(103, 'Star Pravah', 'Entertainment', 'Marathi'),
(104, 'Sony Marathi', 'Entertainment', 'Marathi'),
(105, 'ABP Majha', 'News', 'Marathi');

select * from Channel_dimension;





-- Create Ad Exposure Dimension Table
CREATE TABLE ad_exposure_dimension (
    ad_exposure_id    INT          NOT NULL PRIMARY KEY,
    ad_type          VARCHAR(50)  NOT NULL,             
    impressions_count INT         NOT NULL,             
    skipped_flag     CHAR(1)      NOT NULL              
);

INSERT INTO ad_exposure_dimension (ad_exposure_id, ad_type, impressions_count, skipped_flag)
VALUES
(1, 'Banner (Footer)', 1200, 'N'),
(2, 'Banner (Header)', 850, 'N'),
(3, 'Fullscreen Interstitial', 600, 'Y'),
(4, 'Fullscreen Interstitial', 620, 'N'),
(5, 'Mid-Roll Overlay', 450, 'Y'),
(6, 'Mid-Roll Overlay', 430, 'N'),
(7, 'Post-Roll Fullscreen', 300, 'Y'),
(8, 'Post-Roll Fullscreen', 310, 'Y'),
(9, 'Side-Banner (Left)', 900, 'N'),
(10, 'Side-Banner (Right)', 880, 'N'),
(11, 'Banner (Footer)', 1400, 'N'),
(12, 'Pre-Roll Fullscreen', 720, 'N'),
(13, 'Mid-Roll Overlay', 500, 'Y'),
(14, 'Post-Roll Fullscreen', 340, 'N'),
(15, 'Teaser Overlay', 1150, 'N'),
(16, 'Teaser Overlay', 1120, 'Y'),
(17, 'Banner (Header)', 980, 'N'),
(18, 'Fullscreen Interstitial', 650, 'Y'),
(19, 'Side-Banner (Left)', 920, 'N'),
(20, 'Post-Roll Fullscreen', 360, 'Y');




-- Create Event Dimension Table
CREATE TABLE event_dimension (
    event_id             INT          NOT NULL PRIMARY KEY,  
    season_name          VARCHAR(50)  NULL,                 
    major_sport_event    VARCHAR(50)  NULL,                
    promo_window_flag    BIT          NOT NULL             
);

INSERT INTO event_dimension (event_id, season_name, major_sport_event, promo_window_flag)
VALUES
(1, 'Diwali', '', 1),
(2, 'Christmas', '', 1),
(3, 'Summer', '', 0),
(4, 'Ganesh Chaturthi', '', 1),
(5, 'Navratri', '', 1),
(6, 'Holi', '', 1),
(7, 'Easter', '', 1),
(8, 'Thanksgiving', '', 1),
(9, 'New Year Eve', '', 1),
(10, 'Black Friday', '', 1),
(11, '', 'Cricket World Cup', 1),
(12, '', 'FIFA World Cup', 1),
(13, '', 'T20 World Cup', 1),
(14, '', 'Olympics', 1),
(15, '', 'UEFA Euro', 1),
(16, '', 'ICC Champions Trophy', 0),
(17, '', 'IPL', 1),
(18, '', 'NBA Finals', 1),
(19, '', 'Super Bowl', 1),
(20, '', 'Wimbledon', 0),
(21, '', 'US Open (Tennis)', 0),
(22, '', 'Tour de France', 0),
(23, '', 'Rugby World Cup', 1),
(24, '', 'Asian Games', 1),
(25, '', 'Commonwealth Games', 0),
(26, '', 'Formula 1 Grand Prix', 0),
(27, '', 'MotoGP World Championship', 0),
(28, '', 'Grand Slam of Badminton', 0),
(29, '', 'World Snooker Championship', 0),
(30, '', 'Melbourne Cup (Horse Racing)', 0);






-- Create promotion dimension Table
CREATE TABLE promotion_dimension (
    promo_id     INT          NOT NULL PRIMARY KEY,  
    promo_name   VARCHAR(100) NOT NULL,            
    promo_type   VARCHAR(50)  NOT NULL,            
    start_date   DATE         NOT NULL,
    end_date     DATE         NOT NULL,
    discount_pct TINYINT      NOT NULL,             
    channel_name VARCHAR(50)  NOT NULL          
);

INSERT INTO promotion_dimension (promo_id, promo_name, promo_type, start_date, end_date, discount_pct, channel_name)
VALUES
(1, 'CNN-News18 Black Friday Offer', 'Black Friday', '2024-06-16', '2024-07-15', 25, 'CNN-News18'),
(2, 'CNN-News18 Navratri Offer', 'Navratri', '2024-11-25', '2024-12-16', 30, 'CNN-News18'),
(3, 'CNN-News18 Rugby World Cup Offer', 'Rugby World Cup', '2024-06-12', '2024-06-26', 20, 'CNN-News18'),
(4, 'NDTV ICC Champions Trophy Offer', 'ICC Champions Trophy', '2024-12-10', '2025-01-06', 35, 'NDTV'),
(5, 'NDTV Olympics Offer', 'Olympics', '2024-07-28', '2024-08-13', 25, 'NDTV'),
(6, 'Times Now Super Bowl Offer', 'Super Bowl', '2024-03-31', '2024-04-27', 35, 'Times Now'),
(7, 'Times Now Tour de France Offer', 'Tour de France', '2024-02-07', '2024-02-18', 25, 'Times Now'),
(8, 'Republic TV Summer Offer', 'Summer', '2024-03-19', '2024-04-10', 35, 'Republic TV'),
(9, 'Zee News Wimbledon Offer', 'Wimbledon', '2024-12-19', '2025-01-09', 25, 'Zee News'),
(10, 'Zee News ICC Champions Trophy Offer', 'ICC Champions Trophy', '2024-07-23', '2024-08-18', 10, 'Zee News'),
(11, 'Zee News Thanksgiving Offer', 'Thanksgiving', '2024-11-09', '2024-11-29', 10, 'Zee News'),
(12, 'Aaj Tak Black Friday Offer', 'Black Friday', '2024-08-14', '2024-08-29', 25, 'Aaj Tak'),
(13, 'Aaj Tak Super Bowl Offer', 'Super Bowl', '2024-01-09', '2024-02-01', 20, 'Aaj Tak'),
(14, 'Aaj Tak Summer Offer', 'Summer', '2024-02-04', '2024-02-28', 20, 'Aaj Tak'),
(15, 'ABP News Wimbledon Offer', 'Wimbledon', '2024-08-14', '2024-08-22', 15, 'ABP News'),
(16, 'India Today Holi Offer', 'Holi', '2024-01-20', '2024-02-17', 10, 'India Today'),
(17, 'India Today New Year Eve Offer', 'New Year Eve', '2024-02-28', '2024-03-23', 10, 'India Today'),
(18, 'CNBC-TV18 Olympics Offer', 'Olympics', '2024-10-23', '2024-11-14', 15, 'CNBC-TV18'),
(19, 'ET Now MotoGP World Championship Offer', 'MotoGP World Championship', '2024-12-25', '2025-01-04', 20, 'ET Now'),       
(20, 'Star Plus New Year Eve Offer', 'New Year Eve', '2024-05-18', '2024-06-02', 20, 'Star Plus'),
(21, 'Star Plus Black Friday Offer', 'Black Friday', '2024-07-25', '2024-08-09', 10, 'Star Plus'),
(22, 'Colors MotoGP World Championship Offer', 'MotoGP World Championship', '2024-05-10', '2024-05-25', 25, 'Colors'),       
(23, 'Colors Holi Offer', 'Holi', '2024-11-12', '2024-12-11', 35, 'Colors'),
(24, 'Colors Super Bowl Offer', 'Super Bowl', '2024-04-26', '2024-05-05', 15, 'Colors'),
(25, 'Sony Entertainment US Open (Tennis) Offer', 'US Open (Tennis)', '2024-01-22', '2024-02-15', 30, 'Sony Entertainment'), 
(26, 'Sony Entertainment Ganesh Chaturthi Offer', 'Ganesh Chaturthi', '2024-03-12', '2024-03-22', 10, 'Sony Entertainment'), 
(27, 'Sony Entertainment UEFA Euro Offer', 'UEFA Euro', '2024-09-09', '2024-09-22', 15, 'Sony Entertainment'),
(28, 'Zee TV Super Bowl Offer', 'Super Bowl', '2024-10-22', '2024-10-29', 35, 'Zee TV'),
(29, 'SAB TV MotoGP World Championship Offer', 'MotoGP World Championship', '2024-10-01', '2024-10-13', 25, 'SAB TV'),       
(30, 'SAB TV Easter Offer', 'Easter', '2024-10-07', '2024-10-28', 25, 'SAB TV'),
(31, 'SAB TV Navratri Offer', 'Navratri', '2024-09-16', '2024-10-10', 25, 'SAB TV'),
(32, '&TV Wimbledon Offer', 'Wimbledon', '2024-11-28', '2024-12-23', 35, '&TV'),
(33, '&TV Ganesh Chaturthi Offer', 'Ganesh Chaturthi', '2024-08-22', '2024-09-20', 30, '&TV'),
(34, '&TV Super Bowl Offer', 'Super Bowl', '2024-02-26', '2024-03-07', 20, '&TV'),
(35, 'Star Bharat Grand Slam of Badminton Offer', 'Grand Slam of Badminton', '2024-12-08', '2025-01-05', 35, 'Star Bharat'), 
(36, 'Sony SAB New Year Eve Offer', 'New Year Eve', '2024-11-12', '2024-12-08', 15, 'Sony SAB'),
(37, 'Sony SAB Wimbledon Offer', 'Wimbledon', '2024-10-13', '2024-10-27', 35, 'Sony SAB'),
(38, 'Star Gold World Snooker Championship Offer', 'World Snooker Championship', '2024-05-03', '2024-05-28', 10, 'Star Gold'),
(39, 'Zee Cinema Super Bowl Offer', 'Super Bowl', '2024-10-28', '2024-11-09', 30, 'Zee Cinema'),
(40, 'Zee Cinema Formula 1 Grand Prix Offer', 'Formula 1 Grand Prix', '2024-03-05', '2024-03-18', 15, 'Zee Cinema'),
(41, 'Sony Max Summer Offer', 'Summer', '2024-03-28', '2024-04-05', 30, 'Sony Max'),
(42, 'Sony Max Asian Games Offer', 'Asian Games', '2024-05-09', '2024-05-24', 15, 'Sony Max'),
(43, 'UTV Movies Thanksgiving Offer', 'Thanksgiving', '2024-06-04', '2024-07-01', 30, 'UTV Movies'),
(44, 'UTV Movies Formula 1 Grand Prix Offer', 'Formula 1 Grand Prix', '2024-05-26', '2024-06-05', 30, 'UTV Movies'),
(45, 'Star Movies T20 World Cup Offer', 'T20 World Cup', '2024-08-29', '2024-09-14', 10, 'Star Movies'),
(46, 'Star World Black Friday Offer', 'Black Friday', '2024-03-23', '2024-04-05', 25, 'Star World'),
(47, 'Star World Rugby World Cup Offer', 'Rugby World Cup', '2024-11-18', '2024-12-14', 20, 'Star World'),
(48, 'Colors Cineplex Black Friday Offer', 'Black Friday', '2024-01-03', '2024-01-18', 25, 'Colors Cineplex'),
(49, 'Colors Cineplex Rugby World Cup Offer', 'Rugby World Cup', '2024-07-04', '2024-07-28', 10, 'Colors Cineplex'),
(50, 'Epic Summer Offer', 'Summer', '2024-04-06', '2024-04-16', 25, 'Epic'),
(51, 'Epic Olympics Offer', 'Olympics', '2024-08-12', '2024-09-10', 30, 'Epic'),
(52, 'Discovery Channel Olympics Offer', 'Olympics', '2024-05-07', '2024-05-28', 10, 'Discovery Channel'),
(53, 'Discovery Channel NBA Finals Offer', 'NBA Finals', '2024-12-03', '2024-12-22', 10, 'Discovery Channel'),
(54, 'History TV18 Easter Offer', 'Easter', '2024-01-26', '2024-02-02', 20, 'History TV18'),
(55, 'Nat Geo Wild Commonwealth Games Offer', 'Commonwealth Games', '2024-09-06', '2024-10-03', 35, 'Nat Geo Wild'),
(56, 'Nat Geo Wild US Open (Tennis) Offer', 'US Open (Tennis)', '2024-06-03', '2024-06-17', 20, 'Nat Geo Wild'),
(57, 'Nat Geo Wild Wimbledon Offer', 'Wimbledon', '2024-06-28', '2024-07-17', 20, 'Nat Geo Wild'),
(58, 'Animal Planet Ganesh Chaturthi Offer', 'Ganesh Chaturthi', '2024-10-25', '2024-11-19', 25, 'Animal Planet'),
(59, 'Animal Planet Ganesh Chaturthi Offer', 'Ganesh Chaturthi', '2024-04-23', '2024-05-22', 35, 'Animal Planet'),
(60, 'Animal Planet Wimbledon Offer', 'Wimbledon', '2024-02-16', '2024-03-15', 30, 'Animal Planet'),
(61, 'Discovery Kids Diwali Offer', 'Diwali', '2024-06-25', '2024-07-06', 20, 'Discovery Kids'),
(62, 'Cartoon Network ICC Champions Trophy Offer', 'ICC Champions Trophy', '2024-11-18', '2024-12-08', 10, 'Cartoon Network'),
(63, 'Cartoon Network Black Friday Offer', 'Black Friday', '2024-12-03', '2024-12-10', 30, 'Cartoon Network'),
(64, 'Cartoon Network US Open (Tennis) Offer', 'US Open (Tennis)', '2024-10-20', '2024-10-29', 15, 'Cartoon Network'),       
(65, 'Pogo New Year Eve Offer', 'New Year Eve', '2024-06-26', '2024-07-12', 25, 'Pogo'),
(66, 'Pogo MotoGP World Championship Offer', 'MotoGP World Championship', '2024-05-01', '2024-05-18', 20, 'Pogo'),
(67, 'Pogo Cricket World Cup Offer', 'Cricket World Cup', '2024-10-16', '2024-11-12', 20, 'Pogo'),
(68, 'Hungama TV Thanksgiving Offer', 'Thanksgiving', '2024-03-24', '2024-04-10', 15, 'Hungama TV'),
(69, 'Hungama TV Olympics Offer', 'Olympics', '2024-03-13', '2024-04-05', 20, 'Hungama TV'),
(70, 'Sonic Holi Offer', 'Holi', '2024-11-08', '2024-12-06', 25, 'Sonic'),
(71, 'Sonic FIFA World Cup Offer', 'FIFA World Cup', '2024-07-26', '2024-08-03', 20, 'Sonic'),
(72, 'Disney Channel ICC Champions Trophy Offer', 'ICC Champions Trophy', '2024-06-26', '2024-07-24', 10, 'Disney Channel'), 
(73, 'Disney Channel FIFA World Cup Offer', 'FIFA World Cup', '2024-08-10', '2024-09-05', 15, 'Disney Channel'),
(74, 'Disney Channel Diwali Offer', 'Diwali', '2024-12-24', '2025-01-06', 15, 'Disney Channel'),
(75, 'Disney Channel India T20 World Cup Offer', 'T20 World Cup', '2024-12-11', '2024-12-18', 15, 'Disney Channel India'),   
(76, 'Nick India Tour de France Offer', 'Tour de France', '2024-03-30', '2024-04-19', 20, 'Nick India'),
(77, 'Star Sports Olympics Offer', 'Olympics', '2024-10-20', '2024-11-13', 15, 'Star Sports'),
(78, 'Star Sports MotoGP World Championship Offer', 'MotoGP World Championship', '2024-09-12', '2024-10-12', 20, 'Star Sports'),
(79, 'Sony Ten Easter Offer', 'Easter', '2024-06-06', '2024-06-17', 30, 'Sony Ten'),
(80, 'Star Sports 1 Hindi MotoGP World Championship Offer', 'MotoGP World Championship', '2024-09-15', '2024-09-24', 30, 'Star Sports 1 Hindi'),
(81, 'Star Sports Select 1 Diwali Offer', 'Diwali', '2024-06-22', '2024-07-04', 35, 'Star Sports Select 1'),
(82, 'Sony ESPN New Year Eve Offer', 'New Year Eve', '2024-08-02', '2024-08-15', 20, 'Sony ESPN'),
(83, 'Sony ESPN Olympics Offer', 'Olympics', '2024-02-18', '2024-02-27', 20, 'Sony ESPN'),
(84, 'Ten Golf Wimbledon Offer', 'Wimbledon', '2024-01-05', '2024-01-27', 20, 'Ten Golf'),
(85, 'DSPORT Easter Offer', 'Easter', '2024-03-02', '2024-03-11', 35, 'DSPORT'),
(86, 'DSPORT World Snooker Championship Offer', 'World Snooker Championship', '2024-10-14', '2024-11-09', 35, 'DSPORT'),     
(87, 'Eurosport India Wimbledon Offer', 'Wimbledon', '2024-08-06', '2024-08-29', 35, 'Eurosport India'),
(88, 'Eurosport India Melbourne Cup (Horse Racing) Offer', 'Melbourne Cup (Horse Racing)', '2024-12-14', '2024-12-24', 30, 'Eurosport India'),
(89, 'Star World Premiere Formula 1 Grand Prix Offer', 'Formula 1 Grand Prix', '2024-01-03', '2024-01-14', 35, 'Star World Premiere'),
(90, 'Star World Premiere Ganesh Chaturthi Offer', 'Ganesh Chaturthi', '2024-02-18', '2024-03-12', 25, 'Star World Premiere'),
(91, 'HBO Melbourne Cup (Horse Racing) Offer', 'Melbourne Cup (Horse Racing)', '2024-06-12', '2024-06-26', 30, 'HBO'),       
(92, 'AXN Commonwealth Games Offer', 'Commonwealth Games', '2024-09-26', '2024-10-12', 35, 'AXN'),
(93, 'AXN Black Friday Offer', 'Black Friday', '2024-03-02', '2024-03-18', 35, 'AXN'),
(94, 'AXN Thanksgiving Offer', 'Thanksgiving', '2024-01-04', '2024-01-18', 30, 'AXN'),
(95, 'Sony BBC Earth Cricket World Cup Offer', 'Cricket World Cup', '2024-10-27', '2024-11-05', 30, 'Sony BBC Earth'),       
(96, 'Sony BBC Earth Easter Offer', 'Easter', '2024-03-14', '2024-03-23', 20, 'Sony BBC Earth'),
(97, 'BBC World News Black Friday Offer', 'Black Friday', '2024-09-15', '2024-09-27', 15, 'BBC World News'),
(98, 'BBC World News ICC Champions Trophy Offer', 'ICC Champions Trophy', '2024-08-16', '2024-09-03', 20, 'BBC World News'), 
(99, 'BBC World News Super Bowl Offer', 'Super Bowl', '2024-11-13', '2024-12-03', 35, 'BBC World News'),
(100, 'Zee TV Tamil Easter Offer', 'Easter', '2024-11-18', '2024-12-09', 10, 'Zee TV Tamil'),
(101, 'Zee TV Tamil Wimbledon Offer', 'Wimbledon', '2024-11-09', '2024-12-05', 20, 'Zee TV Tamil'),
(102, 'Sun TV UEFA Euro Offer', 'UEFA Euro', '2024-10-20', '2024-11-14', 30, 'Sun TV'),
(103, 'Star Vijay Summer Offer', 'Summer', '2024-05-04', '2024-05-16', 35, 'Star Vijay'),
(104, 'Colors Tamil Wimbledon Offer', 'Wimbledon', '2024-03-26', '2024-04-04', 25, 'Colors Tamil'),
(105, 'Colors Tamil Grand Slam of Badminton Offer', 'Grand Slam of Badminton', '2024-02-01', '2024-02-16', 15, 'Colors Tamil'),
(106, 'Zee Tamil Formula 1 Grand Prix Offer', 'Formula 1 Grand Prix', '2024-04-25', '2024-05-12', 20, 'Zee Tamil'),
(107, 'Zee Tamil IPL Offer', 'IPL', '2024-02-14', '2024-03-10', 30, 'Zee Tamil'),
(108, 'Zee Tamil Summer Offer', 'Summer', '2024-06-18', '2024-07-04', 10, 'Zee Tamil'),
(109, 'Jaya TV T20 World Cup Offer', 'T20 World Cup', '2024-07-06', '2024-07-20', 25, 'Jaya TV'),
(110, 'Jaya TV Grand Slam of Badminton Offer', 'Grand Slam of Badminton', '2024-01-26', '2024-02-20', 25, 'Jaya TV'),        
(111, 'Jaya TV Melbourne Cup (Horse Racing) Offer', 'Melbourne Cup (Horse Racing)', '2024-02-27', '2024-03-20', 30, 'Jaya TV'),
(112, 'Kalaignar TV Diwali Offer', 'Diwali', '2024-04-20', '2024-05-04', 10, 'Kalaignar TV'),
(113, 'Kalaignar TV UEFA Euro Offer', 'UEFA Euro', '2024-01-06', '2024-01-16', 20, 'Kalaignar TV'),
(114, 'Kalaignar TV Ganesh Chaturthi Offer', 'Ganesh Chaturthi', '2024-04-27', '2024-05-13', 20, 'Kalaignar TV'),
(115, 'Polimer TV UEFA Euro Offer', 'UEFA Euro', '2024-10-22', '2024-11-10', 15, 'Polimer TV'),
(116, 'Polimer TV MotoGP World Championship Offer', 'MotoGP World Championship', '2024-11-19', '2024-12-14', 35, 'Polimer TV'),
(117, 'Polimer TV New Year Eve Offer', 'New Year Eve', '2024-12-28', '2025-01-26', 30, 'Polimer TV'),
(118, 'Raj TV FIFA World Cup Offer', 'FIFA World Cup', '2024-08-24', '2024-09-22', 20, 'Raj TV'),
(119, 'Raj TV Olympics Offer', 'Olympics', '2024-03-04', '2024-03-15', 10, 'Raj TV'),
(120, 'DD Podhigai Cricket World Cup Offer', 'Cricket World Cup', '2024-06-11', '2024-07-09', 30, 'DD Podhigai'),
(121, 'ETV Kannada MotoGP World Championship Offer', 'MotoGP World Championship', '2024-07-15', '2024-07-24', 25, 'ETV Kannada'),
(122, 'ETV Kannada MotoGP World Championship Offer', 'MotoGP World Championship', '2024-06-15', '2024-07-09', 15, 'ETV Kannada'),
(123, 'Udaya TV Rugby World Cup Offer', 'Rugby World Cup', '2024-09-24', '2024-10-03', 25, 'Udaya TV'),
(124, 'Udaya TV Easter Offer', 'Easter', '2024-07-12', '2024-08-06', 15, 'Udaya TV'),
(125, 'Colors Kannada Commonwealth Games Offer', 'Commonwealth Games', '2024-05-15', '2024-06-01', 25, 'Colors Kannada'),    
(126, 'Zee Kannada Formula 1 Grand Prix Offer', 'Formula 1 Grand Prix', '2024-07-14', '2024-07-24', 20, 'Zee Kannada'),      
(127, 'Zee Kannada Commonwealth Games Offer', 'Commonwealth Games', '2024-06-05', '2024-06-24', 30, 'Zee Kannada'),
(128, 'Star Suvarna New Year Eve Offer', 'New Year Eve', '2024-10-15', '2024-11-05', 30, 'Star Suvarna'),
(129, 'Star Suvarna ICC Champions Trophy Offer', 'ICC Champions Trophy', '2024-02-11', '2024-02-19', 15, 'Star Suvarna'),    
(130, 'Star Suvarna Diwali Offer', 'Diwali', '2024-02-19', '2024-03-11', 10, 'Star Suvarna'),
(131, 'TV9 Kannada New Year Eve Offer', 'New Year Eve', '2024-10-17', '2024-11-07', 30, 'TV9 Kannada'),
(132, 'TV9 Kannada New Year Eve Offer', 'New Year Eve', '2024-08-01', '2024-08-27', 10, 'TV9 Kannada'),
(133, 'Public TV US Open (Tennis) Offer', 'US Open (Tennis)', '2024-05-04', '2024-05-30', 15, 'Public TV'),
(134, 'Public TV Asian Games Offer', 'Asian Games', '2024-11-10', '2024-12-10', 20, 'Public TV'),
(135, 'Public TV ICC Champions Trophy Offer', 'ICC Champions Trophy', '2024-05-26', '2024-06-23', 10, 'Public TV'),
(136, 'Vasanth TV Olympics Offer', 'Olympics', '2024-09-16', '2024-10-01', 35, 'Vasanth TV'),
(137, 'Vasanth TV Christmas Offer', 'Christmas', '2024-09-14', '2024-10-03', 35, 'Vasanth TV'),
(138, 'Vasanth TV World Snooker Championship Offer', 'World Snooker Championship', '2024-11-23', '2024-12-06', 25, 'Vasanth TV'),
(139, 'Asianet FIFA World Cup Offer', 'FIFA World Cup', '2024-07-11', '2024-07-21', 35, 'Asianet'),
(140, 'Asianet NBA Finals Offer', 'NBA Finals', '2024-05-20', '2024-06-19', 30, 'Asianet'),
(141, 'Surya TV Melbourne Cup (Horse Racing) Offer', 'Melbourne Cup (Horse Racing)', '2024-04-19', '2024-05-06', 30, 'Surya TV'),
(142, 'Surya TV Diwali Offer', 'Diwali', '2024-10-25', '2024-11-07', 30, 'Surya TV'),
(143, 'Mazhavil Manorama IPL Offer', 'IPL', '2024-04-14', '2024-05-07', 20, 'Mazhavil Manorama'),
(144, 'Kairali TV MotoGP World Championship Offer', 'MotoGP World Championship', '2024-04-28', '2024-05-25', 30, 'Kairali TV'),
(145, 'Jaihind TV Easter Offer', 'Easter', '2024-01-09', '2024-01-20', 20, 'Jaihind TV'),
(146, 'News18 Kerala US Open (Tennis) Offer', 'US Open (Tennis)', '2024-02-10', '2024-02-25', 20, 'News18 Kerala'),
(147, 'Reporter TV Olympics Offer', 'Olympics', '2024-08-17', '2024-09-10', 30, 'Reporter TV'),
(148, 'Reporter TV Tour de France Offer', 'Tour de France', '2024-08-26', '2024-09-17', 35, 'Reporter TV'),
(149, 'Reporter TV World Snooker Championship Offer', 'World Snooker Championship', '2024-04-07', '2024-04-15', 10, 'Reporter TV'),
(150, 'Flowers TV T20 World Cup Offer', 'T20 World Cup', '2024-07-19', '2024-07-27', 10, 'Flowers TV'),
(151, 'Flowers TV Easter Offer', 'Easter', '2024-08-21', '2024-09-14', 20, 'Flowers TV'),
(152, 'Flowers TV Diwali Offer', 'Diwali', '2024-12-24', '2025-01-01', 20, 'Flowers TV'),
(153, 'Amrita TV Rugby World Cup Offer', 'Rugby World Cup', '2024-10-01', '2024-10-27', 10, 'Amrita TV'),
(154, 'Amrita TV US Open (Tennis) Offer', 'US Open (Tennis)', '2024-09-09', '2024-10-08', 10, 'Amrita TV'),
(155, 'DD News Grand Slam of Badminton Offer', 'Grand Slam of Badminton', '2024-08-21', '2024-09-02', 30, 'DD News'),        
(156, 'DD News Diwali Offer', 'Diwali', '2024-07-29', '2024-08-26', 25, 'DD News'),
(157, 'DD News NBA Finals Offer', 'NBA Finals', '2024-09-20', '2024-10-04', 20, 'DD News'),
(158, 'Lok Sabha TV Melbourne Cup (Horse Racing) Offer', 'Melbourne Cup (Horse Racing)', '2024-01-25', '2024-02-09', 15, 'Lok Sabha TV'),
(159, 'Rajya Sabha TV Super Bowl Offer', 'Super Bowl', '2024-08-04', '2024-08-29', 25, 'Rajya Sabha TV'),
(160, 'Rajya Sabha TV MotoGP World Championship Offer', 'MotoGP World Championship', '2024-05-23', '2024-06-02', 20, 'Rajya Sabha TV'),
(161, 'Rajya Sabha TV Thanksgiving Offer', 'Thanksgiving', '2024-11-10', '2024-11-18', 10, 'Rajya Sabha TV'),
(162, 'Sansad TV Rugby World Cup Offer', 'Rugby World Cup', '2024-05-04', '2024-05-24', 25, 'Sansad TV'),
(163, 'Sansad TV Formula 1 Grand Prix Offer', 'Formula 1 Grand Prix', '2024-01-05', '2024-01-26', 20, 'Sansad TV'),
(164, 'DD Sports IPL Offer', 'IPL', '2024-08-06', '2024-08-20', 30, 'DD Sports'),
(165, 'DD Sports ICC Champions Trophy Offer', 'ICC Champions Trophy', '2024-11-16', '2024-12-14', 20, 'DD Sports'),
(166, 'Sony TEN 2 IPL Offer', 'IPL', '2024-02-10', '2024-03-03', 30, 'Sony TEN 2'),
(167, 'Sony TEN 2 ICC Champions Trophy Offer', 'ICC Champions Trophy', '2024-11-12', '2024-12-01', 20, 'Sony TEN 2'),        
(168, 'Sony TEN 2 Super Bowl Offer', 'Super Bowl', '2024-02-18', '2024-03-13', 15, 'Sony TEN 2'),
(169, 'Sony ESPN HD NBA Finals Offer', 'NBA Finals', '2024-07-06', '2024-08-02', 10, 'Sony ESPN HD'),
(170, 'Sony ESPN HD ICC Champions Trophy Offer', 'ICC Champions Trophy', '2024-07-07', '2024-07-17', 35, 'Sony ESPN HD'),    
(171, 'Sony ESPN HD Summer Offer', 'Summer', '2024-03-07', '2024-03-16', 20, 'Sony ESPN HD'),
(172, 'NDTV Prime Formula 1 Grand Prix Offer', 'Formula 1 Grand Prix', '2024-07-26', '2024-08-16', 30, 'NDTV Prime'),        
(173, 'NDTV Prime UEFA Euro Offer', 'UEFA Euro', '2024-05-29', '2024-06-20', 25, 'NDTV Prime'),
(174, 'NDTV Prime Black Friday Offer', 'Black Friday', '2024-10-25', '2024-11-22', 15, 'NDTV Prime'),
(175, 'Colors Rishtey Super Bowl Offer', 'Super Bowl', '2024-09-06', '2024-09-21', 20, 'Colors Rishtey'),
(176, 'Colors Rishtey ICC Champions Trophy Offer', 'ICC Champions Trophy', '2024-11-15', '2024-12-10', 30, 'Colors Rishtey'),
(177, 'Star Utsav Diwali Offer', 'Diwali', '2024-10-11', '2024-10-31', 10, 'Star Utsav'),
(178, 'Star Utsav Super Bowl Offer', 'Super Bowl', '2024-09-14', '2024-09-26', 35, 'Star Utsav'),
(179, 'Star Utsav IPL Offer', 'IPL', '2024-07-06', '2024-07-13', 30, 'Star Utsav'),
(180, 'Epic TV MotoGP World Championship Offer', 'MotoGP World Championship', '2024-12-22', '2025-01-16', 35, 'Epic TV'),    
(181, 'Big Magic Rugby World Cup Offer', 'Rugby World Cup', '2024-01-19', '2024-02-07', 15, 'Big Magic'),
(182, 'Star One Easter Offer', 'Easter', '2024-06-16', '2024-06-27', 20, 'Star One'),
(183, 'Star One Asian Games Offer', 'Asian Games', '2024-12-15', '2025-01-07', 25, 'Star One'),
(184, 'Star One Melbourne Cup (Horse Racing) Offer', 'Melbourne Cup (Horse Racing)', '2024-10-07', '2024-11-03', 35, 'Star One'),
(185, 'Zoom T20 World Cup Offer', 'T20 World Cup', '2024-11-12', '2024-11-20', 15, 'Zoom'),
(186, 'Zoom UEFA Euro Offer', 'UEFA Euro', '2024-11-25', '2024-12-20', 25, 'Zoom'),
(187, 'NewsX World Snooker Championship Offer', 'World Snooker Championship', '2024-08-18', '2024-09-16', 35, 'NewsX'),      
(188, 'NewsX FIFA World Cup Offer', 'FIFA World Cup', '2024-08-15', '2024-09-13', 35, 'NewsX'),
(189, 'NewsX ICC Champions Trophy Offer', 'ICC Champions Trophy', '2024-10-15', '2024-10-28', 30, 'NewsX'),
(190, 'India TV IPL Offer', 'IPL', '2024-04-25', '2024-05-04', 25, 'India TV'),
(191, 'India TV World Snooker Championship Offer', 'World Snooker Championship', '2024-10-05', '2024-11-01', 20, 'India TV'),
(192, 'India TV Commonwealth Games Offer', 'Commonwealth Games', '2024-01-02', '2024-02-01', 35, 'India TV'),
(193, 'WION IPL Offer', 'IPL', '2024-09-08', '2024-09-26', 30, 'WION'),
(194, 'Republic Bharat Holi Offer', 'Holi', '2024-09-08', '2024-09-30', 30, 'Republic Bharat'),
(195, 'Republic Bharat Cricket World Cup Offer', 'Cricket World Cup', '2024-08-22', '2024-09-10', 15, 'Republic Bharat'),    
(196, 'Republic Bharat Ganesh Chaturthi Offer', 'Ganesh Chaturthi', '2024-04-23', '2024-05-11', 15, 'Republic Bharat'),      
(197, 'ABP Ananda Asian Games Offer', 'Asian Games', '2024-04-24', '2024-05-03', 15, 'ABP Ananda'),
(198, 'Zee 24 Ghanta Thanksgiving Offer', 'Thanksgiving', '2024-10-11', '2024-10-20', 15, 'Zee 24 Ghanta'),
(199, 'Dangal Christmas Offer', 'Christmas', '2024-01-31', '2024-02-28', 20, 'Dangal'),
(200, 'Dangal Commonwealth Games Offer', 'Commonwealth Games', '2024-01-13', '2024-02-05', 30, 'Dangal'),
(201, 'Dangal World Snooker Championship Offer', 'World Snooker Championship', '2024-08-19', '2024-08-28', 10, 'Dangal'),    
(202, 'Sun Bollywood ICC Champions Trophy Offer', 'ICC Champions Trophy', '2024-11-25', '2024-12-02', 25, 'Sun Bollywood'),  
(203, 'Zee Marathi T20 World Cup Offer', 'T20 World Cup', '2024-02-17', '2024-03-14', 35, 'Zee Marathi'),
(204, 'Zee Marathi Formula 1 Grand Prix Offer', 'Formula 1 Grand Prix', '2024-12-19', '2025-01-01', 10, 'Zee Marathi'),      
(205, 'Zee Marathi Summer Offer', 'Summer', '2024-11-09', '2024-11-21', 15, 'Zee Marathi'),
(206, 'Colors Marathi Ganesh Chaturthi Offer', 'Ganesh Chaturthi', '2024-11-24', '2024-12-03', 15, 'Colors Marathi'),        
(207, 'Colors Marathi FIFA World Cup Offer', 'FIFA World Cup', '2024-06-06', '2024-07-04', 25, 'Colors Marathi'),
(208, 'Colors Marathi New Year Eve Offer', 'New Year Eve', '2024-08-17', '2024-09-04', 15, 'Colors Marathi'),
(209, 'Star Pravah Grand Slam of Badminton Offer', 'Grand Slam of Badminton', '2024-08-28', '2024-09-13', 30, 'Star Pravah'),
(210, 'Star Pravah MotoGP World Championship Offer', 'MotoGP World Championship', '2024-10-22', '2024-11-07', 15, 'Star Pravah'),
(211, 'Star Pravah Cricket World Cup Offer', 'Cricket World Cup', '2024-08-27', '2024-09-23', 20, 'Star Pravah'),
(212, 'Sony Marathi ICC Champions Trophy Offer', 'ICC Champions Trophy', '2024-10-19', '2024-11-04', 35, 'Sony Marathi'),    
(213, 'ABP Majha Black Friday Offer', 'Black Friday', '2024-05-25', '2024-06-01', 25, 'ABP Majha'),
(214, 'ABP Majha Melbourne Cup (Horse Racing) Offer', 'Melbourne Cup (Horse Racing)', '2024-11-24', '2024-12-17', 10, 'ABP Majha');





-- Create Subscription Fact Table
CREATE TABLE Subscription_fact (
    subscription_id INT PRIMARY KEY,
    customer_id INT,
    time_id INT,
    plan_id INT,
    promo_id INT,
    event_id INT,
    subscription_start_date DATE,
    subscription_end_date DATE,
    subscription_status VARCHAR(20),
    FOREIGN KEY (customer_id) REFERENCES Customer_dimension(customer_id),
    FOREIGN KEY (time_id) REFERENCES Time_dimension(time_id),
    FOREIGN KEY (plan_id) REFERENCES Plan_dimension(plan_id),
    FOREIGN KEY (promo_id) REFERENCES promotion_dimension(promo_id),
    FOREIGN KEY (event_id) REFERENCES event_dimension(event_id)
);

INSERT INTO Subscription_fact (subscription_id, customer_id, time_id, plan_id, subscription_start_date, subscription_end_date, subscription_status, promo_id, event_id) VALUES
(1, 45, 1, 2, '2024-04-01', '2024-05-16', 'Active', 1, 1),
(2, 197, 1, 35, '2024-04-01', '2024-05-01', 'Active', 2, 2),
(3, 115, 2, 4, '2024-04-02', '2024-05-17', 'Active', 3, 3),
(4, 36, 2, 12, '2024-04-02', '2024-04-17', 'Active', 4, 4),
(5, 180, 3, 50, '2024-04-03', '2024-06-02', 'Active', 5, 5),
(6, 72, 3, 7, '2024-04-03', '2024-05-18', 'Active', 6, 6),
(7, 149, 4, 11, '2024-04-04', '2024-04-19', 'Active', 7, 7),
(8, 55, 4, 20, '2024-04-04', '2024-04-19', 'Active', 8, 8),
(9, 167, 5, 6, '2024-04-05', '2024-05-05', 'Active', 9, 9),
(10, 111, 5, 19, '2024-04-05', '2024-05-05', 'Active', 10, 10),
(11, 140, 6, 9, '2024-04-06', '2024-04-21', 'Active', 1, 11),
(12, 98, 6, 24, '2024-04-06', '2024-05-06', 'Active', 2, 12),
(13, 13, 7, 5, '2024-04-07', '2024-05-07', 'Active', 3, 13),
(14, 65, 7, 33, '2024-04-07', '2024-05-07', 'Active', 4, 14),
(15, 101, 8, 2, '2024-04-08', '2024-05-23', 'Active', 5, 15),
(16, 78, 8, 45, '2024-04-08', '2024-05-08', 'Active', 6, 16),
(17, 192, 9, 21, '2024-04-09', '2024-04-24', 'Active', 7, 17),
(18, 43, 9, 1, '2024-04-09', '2024-05-09', 'Active', 8, 18),
(19, 160, 10, 14, '2024-04-10', '2024-05-25', 'Active', 9, 19),
(20, 81, 10, 39, '2024-04-10', '2024-05-25', 'Active', 10, 20),
(21, 134, 11, 4, '2024-04-11', '2024-05-26', 'Active', 1, 21),
(22, 174, 11, 50, '2024-04-11', '2024-06-10', 'Active', 2, 22),
(23, 18, 12, 7, '2024-04-12', '2024-05-27', 'Active', 3, 23),
(24, 66, 12, 16, '2024-04-12', '2024-05-12', 'Active', 4, 24),
(25, 142, 13, 9, '2024-04-13', '2024-04-28', 'Active', 5, 25),
(26, 100, 13, 29, '2024-04-13', '2024-05-13', 'Active', 6, 26),
(27, 56, 14, 3, '2024-04-14', '2024-05-14', 'Active', 7, 27),
(28, 114, 14, 41, '2024-04-14', '2024-05-29', 'Active', 8, 28),
(29, 75, 15, 17, '2024-04-15', '2024-05-30', 'Active', 9, 29),
(30, 47, 15, 2, '2024-04-15', '2024-05-30', 'Active', 10, 30),
(31, 199, 16, 48, '2024-04-16', '2024-05-16', 'Active', 1, 1),
(32, 128, 16, 10, '2024-04-16', '2024-05-01', 'Active', 2, 2),
(33, 90, 17, 13, '2024-04-17', '2024-05-17', 'Active', 3, 3),
(34, 11, 17, 38, '2024-04-17', '2024-05-17', 'Active', 4, 4),
(35, 122, 18, 5, '2024-04-18', '2024-05-18', 'Active', 5, 5),
(36, 177, 18, 22, '2024-04-18', '2024-05-18', 'Active', 6, 6),
(37, 194, 19, 6, '2024-04-19', '2024-05-19', 'Active', 7, 7),
(38, 86, 19, 35, '2024-04-19', '2024-05-19', 'Active', 8, 8),
(39, 132, 20, 27, '2024-04-20', '2024-05-20', 'Active', 9, 9),
(40, 71, 20, 15, '2024-04-20', '2024-06-04', 'Active', 10, 10),
(41, 115, 21, 3, '2024-04-21', '2024-05-21', 'Active', 1, 11),
(42, 198, 21, 47, '2024-04-21', '2024-05-06', 'Active', 2, 12),
(43, 165, 22, 14, '2024-04-22', '2024-06-06', 'Active', 3, 13),
(44, 51, 22, 6, '2024-04-22', '2024-05-22', 'Active', 4, 14),
(45, 89, 23, 30, '2024-04-23', '2024-05-08', 'Active', 5, 15),
(46, 136, 23, 49, '2024-04-23', '2024-05-23', 'Active', 6, 16),
(47, 104, 24, 18, '2024-04-24', '2024-05-24', 'Active', 7, 17),
(48, 150, 24, 20, '2024-04-24', '2024-05-09', 'Active', 8, 18),
(49, 19, 25, 37, '2024-04-25', '2024-05-25', 'Active', 9, 19),
(50, 90, 25, 5, '2024-04-25', '2024-05-25', 'Active', 10, 20),
(51, 197, 26, 9, '2024-04-26', '2024-05-11', 'Active', 1, 21),
(52, 55, 26, 8, '2024-04-26', '2024-06-10', 'Active', 2, 22),
(53, 43, 27, 11, '2024-04-27', '2024-05-12', 'Active', 3, 23),
(54, 118, 27, 24, '2024-04-27', '2024-05-27', 'Active', 4, 24),
(55, 131, 28, 45, '2024-04-28', '2024-05-28', 'Active', 5, 25),
(56, 176, 28, 10, '2024-04-28', '2024-05-27', 'Inactive', 6, 26),
(57, 158, 29, 31, '2024-04-29', '2024-06-13', 'Active', 7, 27),
(58, 33, 29, 16, '2024-04-29', '2024-05-29', 'Active', 8, 28),
(59, 144, 30, 4, '2024-04-30', '2024-06-14', 'Active', 9, 29),
(60, 120, 30, 21, '2024-04-30', '2024-05-15', 'Active', 10, 30),
(61, 85, 31, 40, '2024-05-01', '2024-05-30', 'Inactive', 1, 1),
(62, 197, 31, 2, '2024-05-01', '2024-05-30', 'Inactive', 2, 2),
(63, 106, 32, 14, '2024-05-02', '2024-05-31', 'Inactive', 3, 3),
(64, 179, 32, 7, '2024-05-02', '2024-05-31', 'Inactive', 4, 4),
(65, 60, 33, 48, '2024-05-03', '2024-06-01', 'Inactive', 5, 5),
(66, 140, 33, 3, '2024-05-03', '2024-06-01', 'Inactive', 6, 6),
(67, 200, 34, 12, '2024-05-04', '2024-06-02', 'Inactive', 7, 7),
(68, 156, 34, 9, '2024-05-04', '2024-06-02', 'Inactive', 8, 8),
(69, 116, 35, 17, '2024-05-05', '2024-06-03', 'Inactive', 9, 9),
(70, 35, 35, 23, '2024-05-05', '2024-06-03', 'Inactive', 10, 10),
(71, 192, 36, 1, '2024-05-06', '2024-06-04', 'Inactive', 1, 11),
(72, 95, 36, 14, '2024-05-06', '2024-06-04', 'Inactive', 2, 12),
(73, 16, 37, 5, '2024-05-07', '2024-06-05', 'Inactive', 3, 13),
(74, 186, 37, 25, '2024-05-07', '2024-06-05', 'Inactive', 4, 14),
(75, 130, 38, 18, '2024-05-08', '2024-06-06', 'Inactive', 5, 15),
(76, 100, 38, 2, '2024-05-08', '2024-06-06', 'Inactive', 6, 16),
(77, 63, 39, 33, '2024-05-09', '2024-06-07', 'Inactive', 7, 17),
(78, 148, 39, 6, '2024-05-09', '2024-06-07', 'Inactive', 8, 18),
(79, 31, 40, 13, '2024-05-10', '2024-06-08', 'Inactive', 9, 19),
(80, 166, 40, 28, '2024-05-10', '2024-06-08', 'Inactive', 10, 20),
(81, 52, 41, 39, '2024-05-11', '2024-06-09', 'Inactive', 1, 21),
(82, 107, 41, 42, '2024-05-11', '2024-06-09', 'Inactive', 2, 22),
(83, 10, 42, 4, '2024-05-12', '2024-06-10', 'Inactive', 3, 23),
(84, 122, 42, 6, '2024-05-12', '2024-06-10', 'Inactive', 4, 24),
(85, 89, 43, 1, '2024-05-13', '2024-06-11', 'Inactive', 5, 25),
(86, 117, 43, 1, '2024-05-13', '2024-06-11', 'Inactive', 6, 26),
(87, 129, 44, 47, '2024-05-14', '2024-06-12', 'Inactive', 7, 27),
(88, 196, 44, 19, '2024-05-14', '2024-06-12', 'Inactive', 8, 28),
(89, 157, 45, 9, '2024-05-15', '2024-06-13', 'Inactive', 9, 29),
(90, 37, 45, 10, '2024-05-15', '2024-06-13', 'Inactive', 10, 30),
(91, 198, 46, 2, '2024-05-16', '2024-06-14', 'Inactive', 1, 1),
(92, 75, 46, 35, '2024-05-16', '2024-06-14', 'Inactive', 2, 2),
(93, 118, 47, 5, '2024-05-17', '2024-06-15', 'Inactive', 3, 3),
(94, 192, 47, 16, '2024-05-17', '2024-06-15', 'Inactive', 4, 4),
(95, 55, 48, 22, '2024-05-18', '2024-06-16', 'Inactive', 5, 5),
(96, 180, 48, 40, '2024-05-18', '2024-06-16', 'Inactive', 6, 6),
(97, 15, 49, 7, '2024-05-19', '2024-06-17', 'Inactive', 7, 7),
(98, 104, 49, 8, '2024-05-19', '2024-06-17', 'Inactive', 8, 8),
(99, 199, 50, 9, '2024-05-20', '2024-06-18', 'Inactive', 9, 9),
(100, 45, 50, 10, '2024-05-20', '2024-06-18', 'Inactive', 10, 10);

select * from Subscription_fact;



-- Create Unsubscription Fact Table
CREATE TABLE Unsubscription_fact (
    unsubscription_id INT PRIMARY KEY,
    customer_id INT,
    time_id INT,
    reason_id INT,
    unsubscription_date DATE,
    FOREIGN KEY (customer_id) REFERENCES Customer_dimension(customer_id),
    FOREIGN KEY (time_id) REFERENCES Time_dimension(time_id),
    FOREIGN KEY (reason_id) REFERENCES Reason_dimension(reason_id)
);

INSERT INTO Unsubscription_fact (unsubscription_id, customer_id, time_id, reason_id, unsubscription_date) VALUES
(1, 45, 6, 12, '2024-04-06'),
(2, 197, 6, 23, '2024-04-06'),
(3, 115, 7, 7, '2024-04-07'),
(4, 36, 7, 11, '2024-04-07'),
(5, 180, 8, 19, '2024-04-08'),
(6, 72, 8, 25, '2024-04-08'),
(7, 149, 9, 30, '2024-04-09'),
(8, 55, 9, 41, '2024-04-09'),
(9, 167, 10, 9, '2024-04-10'),
(10, 111, 10, 13, '2024-04-10'),
(11, 140, 11, 49, '2024-04-11'),
(12, 98, 11, 3, '2024-04-11'),
(13, 13, 12, 14, '2024-04-12'),
(14, 65, 12, 35, '2024-04-12'),
(15, 101, 13, 22, '2024-04-13'),
(16, 78, 13, 31, '2024-04-13'),
(17, 192, 14, 6, '2024-04-14'),
(18, 43, 14, 25, '2024-04-14'),
(19, 160, 15, 10, '2024-04-15'),
(20, 81, 15, 18, '2024-04-15'),
(21, 134, 16, 44, '2024-04-16'),
(22, 174, 16, 27, '2024-04-16'),
(23, 18, 17, 1, '2024-04-17'),
(24, 66, 17, 50, '2024-04-17'),
(25, 142, 18, 2, '2024-04-18'),
(26, 100, 18, 5, '2024-04-18'),
(27, 56, 19, 9, '2024-04-19'),
(28, 114, 19, 31, '2024-04-19'),
(29, 75, 20, 12, '2024-04-20'),
(30, 47, 20, 22, '2024-04-20'),
(31, 199, 21, 8, '2024-04-21'),
(32, 128, 21, 28, '2024-04-21'),
(33, 90, 22, 7, '2024-04-22'),
(34, 11, 22, 20, '2024-04-22'),
(35, 122, 23, 39, '2024-04-23'),
(36, 177, 23, 6, '2024-04-23'),
(37, 194, 24, 45, '2024-04-24'),
(38, 86, 24, 15, '2024-04-24'),
(39, 132, 25, 25, '2024-04-25'),
(40, 71, 25, 1, '2024-04-25'),
(41, 115, 26, 7, '2024-04-26'),
(42, 198, 26, 16, '2024-04-26'),
(43, 165, 27, 4, '2024-04-27'),
(44, 51, 27, 29, '2024-04-27'),
(45, 89, 28, 5, '2024-04-28'),
(46, 136, 28, 41, '2024-04-28'),
(47, 104, 29, 18, '2024-04-29'),
(48, 150, 29, 20, '2024-04-29'),
(49, 19, 30, 10, '2024-04-30'),
(50, 90, 30, 27, '2024-04-30'),
(51,45,10,1,'2024-04-10'),
(52, 36, 12, 3, '2024-04-12'),
(53, 115, 13, 1, '2024-04-15'),
(54, 197, 14, 11, '2024-04-18'),
(55, 78, 15, 8, '2024-04-20'),
(56, 90, 14, 12, '2024-04-18'),
(57, 150, 16, 1, '2024-04-21'),
(58, 43, 12, 8, '2024-04-12'),
(59,  85, 31, 14, '2024-05-01'),
  (60, 197, 31, 27, '2024-05-01'),
  (61, 106, 32,  5, '2024-05-02'),
  (62, 179, 32, 22, '2024-05-02'),
  (63,  60, 33,  3, '2024-05-03'),
  (64, 140, 33, 19, '2024-05-03'),
  (65, 200, 34, 11, '2024-05-04'),
  (66, 156, 34,  8, '2024-05-04'),
  (67, 116, 35, 30, '2024-05-05'),
  (68,  35, 35, 41, '2024-05-05'),
  (69, 192, 36,  6, '2024-05-06'),
  (70,  95, 36, 29, '2024-05-06'),
  (71,  16, 37,  1, '2024-05-07'),
  (72, 186, 37, 25, '2024-05-07'),
  (73,  63, 38, 33, '2024-05-08'),
  (74, 148, 38,  4, '2024-05-08'),
  (75,  31, 39, 13, '2024-05-09'),
  (76, 166, 39, 28, '2024-05-09'),
  (77,  52, 40,  7, '2024-05-10'),
  (78, 107, 40, 42, '2024-05-10');
select * from Unsubscription_fact;




-- Create dim_month table
CREATE TABLE dim_month (
    month_id INT PRIMARY KEY,
    month_record VARCHAR(20),
    quarter_record VARCHAR(5),
    year_record INT
);

INSERT INTO dim_month (month_id, month_record, quarter_record, year_record)
SELECT 
    ROW_NUMBER() OVER (ORDER BY year_record, month_record) AS month_id,
    month_record,
    quarter_record,
    year_record
FROM (
    SELECT DISTINCT month_record, quarter_record, year_record
    FROM Time_dimension
) AS distinct_months;

select * from dim_month;



--Create Monthly_aggregate_fact Table
CREATE TABLE Monthly_aggregate_fact (
    monthly_agg_id INT PRIMARY KEY,
    customer_id INT,
    total_subscriptions INT,
    total_unsubscriptions INT,
    total_customers INT,
    month_id INT,
    FOREIGN KEY (customer_id) REFERENCES Customer_dimension (customer_id),
    FOREIGN KEY (month_id) REFERENCES dim_month(month_id)
);

INSERT INTO Monthly_aggregate_fact (monthly_agg_id, customer_id, total_subscriptions, total_unsubscriptions, total_customers, month_id)
SELECT 
    ROW_NUMBER() OVER (ORDER BY dm.month_id, t.year_record) AS monthly_agg_id,
    s.customer_id,
    COUNT(CASE WHEN s.subscription_status = 'Active' THEN 1 END) AS total_subscriptions,
    COUNT(CASE WHEN s.subscription_status = 'Inactive' THEN 1 END) AS total_unsubscriptions,
    COUNT(DISTINCT s.customer_id) AS total_customers,
    dm.month_id
FROM Subscription_fact s
JOIN Time_dimension t 
    ON s.time_id = t.time_id
JOIN dim_month dm 
    ON dm.month_record = t.month_record
GROUP BY s.customer_id, dm.month_id, t.year_record;
select * from Monthly_aggregate_fact;



CREATE TABLE Feedback_fact (
    feedback_id INT PRIMARY KEY,
    customer_id INT,
    plan_id INT,
    channel_id INT,
    feedback_comment VARCHAR(255),
    FOREIGN KEY (customer_id) REFERENCES Customer_dimension(customer_id),
    FOREIGN KEY (plan_id) REFERENCES Plan_dimension(plan_id),
    FOREIGN KEY (channel_id) REFERENCES Channel_dimension(channel_id)
);

INSERT INTO Feedback_fact (feedback_id, customer_id, plan_id, channel_id , feedback_comment) VALUES
(1, 15, 3, 12, 'Excellent service and diverse channels.'),
(2, 78, 27, 35, 'Good value, but the picture quality can be improved.'),
(3, 45, 12, 90, 'I love the HD contentvery clear visuals.'),
(4, 102, 7, 50, 'Customer support was very responsive and helpful.'),
(5, 189, 33, 10, 'Affordable plan with plenty of sports channels.'),
(6, 67, 15, 75, 'Content selection is great, but ads are too frequent.'),
(7, 120, 42, 22, 'I appreciate the plan, though some regional content is missing.'),
(8, 150, 8, 64, 'The premium plan is very satisfactory overall.'),
(9, 33, 19, 88, 'Great variety of movies and TV shows.'),
(10, 56, 6, 7, 'Plan pricing is competitive, but service quality varies.'),
(11, 101, 45, 95, 'I appreciate the diverse content and clear broadcasts.'),
(12, 134, 10, 60, 'Excellent customer service and intuitive interface.'),
(13, 77, 23, 44, 'The channels are well-curated with fresh programs.'),
(14, 165, 2, 80, 'I would like to see more international channels.'),
(15, 99, 14, 37, 'Solid plan with a good mix of news and entertainment.'),
(16, 47, 31, 12, 'Picture quality is impressive, but the lineup could be broader.'),
(17, 183, 48, 5, 'Service is reliable and support is friendly.'),
(18, 112, 17, 29, 'Good plan, though the subscription fee seems a bit high.'),
(19, 64, 8, 57, 'Enjoy the variety, but sometimes buffering issues occur.'),
(20, 190, 26, 21, 'Premium plan delivers high-quality content consistently.'),
(21, 145, 7, 83, 'Channel selection meets expectations, and service is decent.'),
(22, 89, 20, 68, 'The plan offers a great mix of local and international channels.'),
(23, 132, 12, 39, 'I am satisfied with the value and content offered.'),
(24, 59, 35, 14, 'A bit expensive, but quality is excellent.'),
(25, 177, 45, 77, 'Very impressive lineup with reliable streaming.'),
(26, 102, 16, 42, 'Wide range of content, though technical glitches occur sometimes.'),
(27, 138, 9, 52, 'Customer service is top-notch and the plan is affordable.'),
(28, 76, 22, 96, 'I like the movie channels; however, the sports package is lacking.'),
(29, 150, 30, 8, 'Overall a good experience, but the user interface could improve.'),
(30, 113, 3, 65, 'Great family plan with a wide range of channels.'),
(31, 164, 40, 34, 'Excellent HD quality and diverse programming.'),
(32, 55, 11, 20, 'Good news channels but could improve on sports content.'),
(33, 198, 28, 47, 'Very reliable service, though the cost is a bit high.'),
(34, 77, 6, 91, 'The basic plan meets my needs with minimal issues.'),
(35, 134, 25, 19, 'Well-priced plan with diverse content.'),
(36, 90, 14, 55, 'Service quality is consistent but more channels would be nice.'),
(37, 123, 32, 3, 'I appreciate the regular updates and improvements.'),
(38, 56, 8, 68, 'Good range of options but missing some regional shows.'),
(39, 107, 19, 12, 'A solid plan with a balance of entertainment and news.'),
(40, 189, 27, 84, 'Happy with the premium plan and great picture quality.'),
(41, 152, 10, 26, 'Responsive customer support and user-friendly design.'),
(42, 68, 18, 59, 'Enjoy a wide variety of channels in this package.'),
(43, 141, 24, 50, 'Great for family viewing with quality content.'),
(44, 95, 4, 73, 'Balanced plan offering both movies and sports.'),
(45, 157, 29, 31, 'Id recommend this plan for its affordable pricing.'),
(46, 86, 39, 44, 'Content selection is excellent, though a bit repetitive at times.'),
(47, 133, 22, 88, 'I like the diverse range of channels offered.'),
(48, 102, 17, 7, 'Good plan overall, but streaming sometimes slows down.'),
(49, 77, 15, 52, 'I appreciate the value for money and reliable service.'),
(50, 164, 31, 30, 'The basic plan is satisfactory but could use more HD channels.'),
(51,45,3,10,'poor signal quality and intermittent streaming.'),
(52,36,7,12,'bad service experience during peak hours.'),
(53,115,12,13,'complaint: billing errors and hidden fees.'),
(54,197,27,14,'poor picture clarity and lagging performance.'),
(55,78,15,15,'bad app performance with frequent crashes.'),
(56,90,6,14,'poor customer support response time.'),
(57,150,45,16,'complaint regarding high price and low quality.'),
(58,43,12,12,'bad content quality and outdated channels.');
select * from Feedback_fact;




--Create genre_dimension Table
CREATE TABLE genre_dimension (
  genre_id    INT           NOT NULL PRIMARY KEY,  
  genre_name  VARCHAR(50)   NOT NULL UNIQUE        
);
GO

INSERT INTO genre_dimension (genre_id, genre_name)
VALUES
 (  1,'Crime Drama'),
 (  2,'Thriller'),
 (  3,'Drama'),
 (  4,'Fantasy'),
 (  5,'Adventure'),
 (  6,'Comedy'),
 (  7,'Sitcom'),
 (  8,'Romance'),
 (  9,'Sci-Fi'),
 ( 10,'Horror'),
 ( 11,'Mystery'),
 ( 12,'Historical Drama'),
 ( 13,'Biography'),
 ( 14,'Period Drama'),
 ( 15,'Romantic Comedy'),
 ( 16,'Mockumentary'),
 ( 17,'Workplace Comedy'),
 ( 18,'Animated'),
 ( 19,'Satire'),
 ( 20,'Action'),
 ( 21,'Space Western'),
 ( 22,'Western'),
 ( 23,'Political Drama');



-- Create Content Dimension Table
CREATE TABLE content_dimension (
    content_id   INT PRIMARY KEY,                
    episode_name  NVARCHAR(255) NOT NULL,       
    series_name   NVARCHAR(255) NOT NULL,       
    release_date  DATE,                         
    language      VARCHAR(50),                 
    rating        VARCHAR(10)               
);

INSERT INTO content_dimension (content_id, episode_name, series_name, release_date, language, rating)
VALUES
(1, 'S01E01 - Episode 1', 'Breaking Bad', '2008-01-20', 'English', 'TV-MA'),
(2, 'S01E02 - Episode 2', 'Breaking Bad', '2008-01-27', 'English', 'TV-MA'),
(3, 'S01E03 - Episode 3', 'Breaking Bad', '2008-02-03', 'English', 'TV-MA'),
(4, 'S01E04 - Episode 4', 'Breaking Bad', '2008-02-10', 'English', 'TV-MA'),
(5, 'S01E05 - Episode 5', 'Breaking Bad', '2008-02-17', 'English', 'TV-MA'),
(6, 'S01E06 - Episode 6', 'Breaking Bad', '2008-02-24', 'English', 'TV-MA'),
(7, 'S01E07 - Episode 7', 'Breaking Bad', '2008-03-02', 'English', 'TV-MA'),
(8, 'S02E01 - Episode 8', 'Breaking Bad', '2008-03-09', 'English', 'TV-MA'),
(9, 'S02E02 - Episode 9', 'Breaking Bad', '2008-03-16', 'English', 'TV-MA'),
(10, 'S02E03 - Episode 10', 'Breaking Bad', '2008-03-23', 'English', 'TV-MA'),
(11, 'S01E01 - Winter Is Coming', 'Game of Thrones', '2011-04-17', 'English', 'TV-MA'),
(12, 'S01E02 - The Kingsroad', 'Game of Thrones', '2011-04-24', 'English', 'TV-MA'),
(13, 'S01E03 - Lord Snow', 'Game of Thrones', '2011-05-01', 'English', 'TV-MA'),
(14, 'S01E04 - Cripples, Bastards...', 'Game of Thrones', '2011-05-08', 'English', 'TV-MA'),
(15, 'S01E05 - The Wolf and the Lion', 'Game of Thrones', '2011-05-15', 'English', 'TV-MA'),
(16, 'S01E06 - A Golden Crown', 'Game of Thrones', '2011-05-22', 'English', 'TV-MA'),
(17, 'S01E07 - You Win or You Die', 'Game of Thrones', '2011-05-29', 'English', 'TV-MA'),
(18, 'S01E08 - The Pointy End', 'Game of Thrones', '2011-06-05', 'English', 'TV-MA'),
(19, 'S01E09 - Baelor', 'Game of Thrones', '2011-06-12', 'English', 'TV-MA'),
(20, 'S01E10 - Fire and Blood', 'Game of Thrones', '2011-06-19', 'English', 'TV-MA'),
(21, 'S01E01 - The One Where It All Began', 'Friends', '1994-09-22', 'English', 'PG'),
(22, 'S01E02 - The One with the Sonogram', 'Friends', '1994-09-29', 'English', 'PG'),
(23, 'S01E03 - The One with the Thumb', 'Friends', '1994-10-06', 'English', 'PG'),
(24, 'S01E04 - The One with George...', 'Friends', '1994-10-13', 'English', 'PG'),
(25, 'S01E05 - The One with the East...', 'Friends', '1994-10-20', 'English', 'PG'),
(26, 'S01E06 - The One with the Butt', 'Friends', '1994-10-27', 'English', 'PG'),
(27, 'S01E07 - The One with the Blackout', 'Friends', '1994-11-03', 'English', 'PG'),
(28, 'S01E08 - The One Where Nana Dies...', 'Friends', '1994-11-10', 'English', 'PG'),
(29, 'S01E09 - The One Where Underdog...', 'Friends', '1994-11-17', 'English', 'PG'),
(30, 'S01E10 - The One with the Monkey', 'Friends', '1994-11-24', 'English', 'PG'),
(31, 'S01E01 - The Vanishing of Will Byers', 'Stranger Things', '2016-07-15', 'English', 'TV-14'),
(32, 'S01E02 - The Weirdo on Maple Street', 'Stranger Things', '2016-07-22', 'English', 'TV-14'),
(33, 'S01E03 - Holly, Jolly', 'Stranger Things', '2016-07-29', 'English', 'TV-14'),
(34, 'S01E04 - The Body', 'Stranger Things', '2016-08-05', 'English', 'TV-14'),
(35, 'S01E05 - The Flea and the Acrobat', 'Stranger Things', '2016-08-12', 'English', 'TV-14'),
(36, 'S01E06 - The Monster', 'Stranger Things', '2016-08-19', 'English', 'TV-14'),
(37, 'S01E07 - The Bathtub', 'Stranger Things', '2016-08-26', 'English', 'TV-14'),
(38, 'S01E08 - The Upside Down', 'Stranger Things', '2016-09-02', 'English', 'TV-14'),
(39, 'S02E01 - MADMAX', 'Stranger Things', '2016-09-09', 'English', 'TV-14'),
(40, 'S02E02 - Trick or Treat, Freak', 'Stranger Things', '2016-09-16', 'English', 'TV-14'),
(41, 'S01E01 - Wolferton Splash', 'The Crown', '2016-11-04', 'English', 'TV-14'),
(42, 'S01E02 - Hyde Park Corner', 'The Crown', '2016-11-11', 'English', 'TV-14'),
(43, 'S01E03 - Windsor', 'The Crown', '2016-11-18', 'English', 'TV-14'),
(44, 'S01E04 - Act of God', 'The Crown', '2016-11-25', 'English', 'TV-14'),
(45, 'S01E05 - Smoke and Mirrors', 'The Crown', '2016-12-02', 'English', 'TV-14'),
(46, 'S01E06 - Gelignite', 'The Crown', '2016-12-09', 'English', 'TV-14'),
(47, 'S01E07 - Scientia Potentia Est', 'The Crown', '2016-12-16', 'English', 'TV-14'),
(48, 'S01E08 - Pride & Joy', 'The Crown', '2016-12-23', 'English', 'TV-14'),
(49, 'S01E09 - Assassins', 'The Crown', '2016-12-30', 'English', 'TV-14'),
(50, 'S01E10 - Gloriana', 'The Crown', '2017-01-06', 'English', 'TV-14'),
(51, 'S01E01 - Episode 1', 'Peaky Blinders', '2013-09-12', 'English', 'TV-MA'),
(52, 'S01E02 - Episode 2', 'Peaky Blinders', '2013-09-19', 'English', 'TV-MA'),
(53, 'S01E03 - Episode 3', 'Peaky Blinders', '2013-09-26', 'English', 'TV-MA'),
(54, 'S01E04 - Episode 4', 'Peaky Blinders', '2013-10-03', 'English', 'TV-MA'),
(55, 'S01E05 - Episode 5', 'Peaky Blinders', '2013-10-10', 'English', 'TV-MA'),
(56, 'S01E06 - Episode 6', 'Peaky Blinders', '2013-10-17', 'English', 'TV-MA'),
(57, 'S02E01 - Episode 1', 'Peaky Blinders', '2013-10-24', 'English', 'TV-MA'),
(58, 'S02E02 - Episode 2', 'Peaky Blinders', '2013-10-31', 'English', 'TV-MA'),
(59, 'S02E03 - Episode 3', 'Peaky Blinders', '2013-11-07', 'English', 'TV-MA'),
(60, 'S02E04 - Episode 4', 'Peaky Blinders', '2013-11-14', 'English', 'TV-MA'),
(61, 'S01E01 - Pilot', 'The Big Bang Theory', '2007-09-24', 'English', 'TV-PG'),
(62, 'S01E02 - The Big Bran...', 'The Big Bang Theory', '2007-10-01', 'English', 'TV-PG'),
(63, 'S01E03 - The Fuzzyboots...', 'The Big Bang Theory', '2007-10-08', 'English', 'TV-PG'),
(64, 'S01E04 - The Luminous...', 'The Big Bang Theory', '2007-10-15', 'English', 'TV-PG'),
(65, 'S01E05 - The Hamburger...', 'The Big Bang Theory', '2007-10-22', 'English', 'TV-PG'),
(66, 'S01E06 - The Middle...', 'The Big Bang Theory', '2007-10-29', 'English', 'TV-PG'),
(67, 'S01E07 - The Dumpling...', 'The Big Bang Theory', '2007-11-05', 'English', 'TV-PG'),
(68, 'S01E08 - The Grasshopper...', 'The Big Bang Theory', '2007-11-12', 'English', 'TV-PG'),
(69, 'S01E09 - The Cooper-Hofstadter...', 'The Big Bang Theory', '2007-11-19', 'English', 'TV-PG'),
(70, 'S01E10 - The Loobenfeld...', 'The Big Bang Theory', '2007-11-26', 'English', 'TV-PG'),
(71, 'S01E01 - Pilot', 'The Office', '2005-03-24', 'English', 'TV-14'),
(72, 'S01E02 - Diversity Day', 'The Office', '2005-03-31', 'English', 'TV-14'),
(73, 'S01E03 - Health Care', 'The Office', '2005-04-07', 'English', 'TV-14'),
(74, 'S01E04 - The Alliance', 'The Office', '2005-04-14', 'English', 'TV-14'),
(75, 'S01E05 - Basketball', 'The Office', '2005-04-21', 'English', 'TV-14'),
(76, 'S01E06 - Hot Girl', 'The Office', '2005-04-28', 'English', 'TV-14'),
(77, 'S02E01 - The Dundies', 'The Office', '2005-05-05', 'English', 'TV-14'),
(78, 'S02E02 - Sexual Harassment', 'The Office', '2005-05-12', 'English', 'TV-14'),
(79, 'S02E03 - Office Olympics', 'The Office', '2005-05-19', 'English', 'TV-14'),
(80, 'S02E04 - The Fire', 'The Office', '2005-05-26', 'English', 'TV-14'),
(81, 'S01E01 - Pilot', 'How I Met Your Mother', '2005-09-19', 'English', 'TV-14'),
(82, 'S01E02 - Purple Giraffe', 'How I Met Your Mother', '2005-09-26', 'English', 'TV-14'),
(83, 'S01E03 - Sweet Taste of Liberty', 'How I Met Your Mother', '2005-10-03', 'English', 'TV-14'),
(84, 'S01E04 - Return of the Shirt', 'How I Met Your Mother', '2005-10-10', 'English', 'TV-14'),
(85, 'S01E05 - Okay Awesome', 'How I Met Your Mother', '2005-10-17', 'English', 'TV-14'),
(86, 'S01E06 - Slutty Pumpkin', 'How I Met Your Mother', '2005-10-24', 'English', 'TV-14'),
(87, 'S01E07 - Matchmaker', 'How I Met Your Mother', '2005-10-31', 'English', 'TV-14'),
(88, 'S01E08 - The Duel', 'How I Met Your Mother', '2005-11-07', 'English', 'TV-14'),
(89, 'S01E09 - Belly Full of Turkey', 'How I Met Your Mother', '2005-11-14', 'English', 'TV-14'),
(90, 'S01E10 - The Pineapple Incident', 'How I Met Your Mother', '2005-11-21', 'English', 'TV-14'),
(91, 'S01E01 - Simpsons Roasting...', 'The Simpsons', '1989-12-17', 'English', 'TV-PG'),
(92, 'S01E02 - Bart the Genius', 'The Simpsons', '1989-12-24', 'English', 'TV-PG'),
(93, 'S01E03 - Homer Odyssey', 'The Simpsons', '1989-12-31', 'English', 'TV-PG'),
(94, 'S01E04 - There No Disgrace Like Home', 'The Simpsons', '1990-01-07', 'English', 'TV-PG'),
(95, 'S01E05 - Bart the General', 'The Simpsons', '1990-01-14', 'English', 'TV-PG'),
(96, 'S01E06 - Moaning Lisa', 'The Simpsons', '1990-01-21', 'English', 'TV-PG'),
(97, 'S01E07 - The Call of the Simpsons', 'The Simpsons', '1990-01-28', 'English', 'TV-PG'),
(98, 'S01E08 - The Telltale Head', 'The Simpsons', '1990-02-04', 'English', 'TV-PG'),
(99, 'S01E09 - Life on the Fast Lane', 'The Simpsons', '1990-02-11', 'English', 'TV-PG'),
(100, 'S01E10 - Homer Night Out', 'The Simpsons', '1990-02-18', 'English', 'TV-PG'),
(101, 'S01E01 - Descenso', 'Narcos', '2015-08-28', 'Spanish', 'TV-MA'),
(102, 'S01E02 - The Sword of Sim?n Bol?var', 'Narcos', '2015-09-04', 'Spanish', 'TV-MA'),
(103, 'S01E03 - The Men of Always', 'Narcos', '2015-09-11', 'Spanish', 'TV-MA'),
(104, 'S01E04 - The Palace in Flames', 'Narcos', '2015-09-18', 'Spanish', 'TV-MA'),
(105, 'S01E05 - There Will Be a Future', 'Narcos', '2015-09-25', 'Spanish', 'TV-MA'),
(106, 'S01E06 - Explosivos', 'Narcos', '2015-10-02', 'Spanish', 'TV-MA'),
(107, 'S01E07 - You Will Cry Tears...', 'Narcos', '2015-10-09', 'Spanish', 'TV-MA'),
(108, 'S01E08 - La Gran Mentira', 'Narcos', '2015-10-16', 'Spanish', 'TV-MA'),
(109, 'S01E09 - La Catedral', 'Narcos', '2015-10-23', 'Spanish', 'TV-MA'),
(110, 'S01E10 - Despegue', 'Narcos', '2015-10-30', 'Spanish', 'TV-MA'),
(111, 'S01E01 - Chapter 1: The Mandalorian', 'The Mandalorian', '2019-11-12', 'English', 'TV-14'),
(112, 'S01E02 - Chapter 2: The Child', 'The Mandalorian', '2019-11-19', 'English', 'TV-14'),
(113, 'S01E03 - Chapter 3: The Sin', 'The Mandalorian', '2019-11-26', 'English', 'TV-14'),
(114, 'S01E04 - Chapter 4: Sanctuary', 'The Mandalorian', '2019-12-03', 'English', 'TV-14'),
(115, 'S01E05 - Chapter 5: The Gunslinger', 'The Mandalorian', '2019-12-10', 'English', 'TV-14'),
(116, 'S01E06 - Chapter 6: The Prisoner', 'The Mandalorian', '2019-12-17', 'English', 'TV-14'),
(117, 'S01E07 - Chapter 7: The Reckoning', 'The Mandalorian', '2019-12-24', 'English', 'TV-14'),
(118, 'S01E08 - Chapter 8: Redemption', 'The Mandalorian', '2019-12-31', 'English', 'TV-14'),
(119, 'S02E01 - Chapter 9: The Marshal', 'The Mandalorian', '2020-01-07', 'English', 'TV-14'),
(120, 'S02E02 - Chapter 10: The Passenger', 'The Mandalorian', '2020-01-14', 'English', 'TV-14'),
(121, 'S01E01 - The Original', 'Westworld', '2016-10-02', 'English', 'TV-MA'),
(122, 'S01E02 - Chestnut', 'Westworld', '2016-10-09', 'English', 'TV-MA'),
(123, 'S01E03 - The Stray', 'Westworld', '2016-10-16', 'English', 'TV-MA'),
(124, 'S01E04 - Dissonance Theory', 'Westworld', '2016-10-23', 'English', 'TV-MA'),
(125, 'S01E05 - Contrapasso', 'Westworld', '2016-10-30', 'English', 'TV-MA'),
(126, 'S01E06 - The Adversary', 'Westworld', '2016-11-06', 'English', 'TV-MA'),
(127, 'S01E07 - Trompe LOeil', 'Westworld', '2016-11-13', 'English', 'TV-MA'),
(128, 'S01E08 - Trace Decay', 'Westworld', '2016-11-20', 'English', 'TV-MA'),
(129, 'S01E09 - The Well-Tempered Clavier', 'Westworld', '2016-11-27', 'English', 'TV-MA'),
(130, 'S01E10 - The Bicameral Mind', 'Westworld', '2016-12-04', 'English', 'TV-MA'),
(131, 'S01E01 - Chapter 1', 'House of Cards', '2013-02-01', 'English', 'TV-MA'),
(132, 'S01E02 - Chapter 2', 'House of Cards', '2013-02-08', 'English', 'TV-MA'),
(133, 'S01E03 - Chapter 3', 'House of Cards', '2013-02-15', 'English', 'TV-MA'),
(134, 'S01E04 - Chapter 4', 'House of Cards', '2013-02-22', 'English', 'TV-MA'),
(135, 'S01E05 - Chapter 5', 'House of Cards', '2013-03-01', 'English', 'TV-MA'),
(136, 'S01E06 - Chapter 6', 'House of Cards', '2013-03-08', 'English', 'TV-MA'),
(137, 'S01E07 - Chapter 7', 'House of Cards', '2013-03-15', 'English', 'TV-MA'),
(138, 'S01E08 - Chapter 8', 'House of Cards', '2013-03-22', 'English', 'TV-MA'),
(139, 'S01E09 - Chapter 9', 'House of Cards', '2013-03-29', 'English', 'TV-MA'),
(140, 'S01E10 - Chapter 10', 'House of Cards', '2013-04-05', 'English', 'TV-MA'),
(141, 'S01E01 - Rites of Passage', 'Vikings', '2013-03-03', 'English', 'TV-MA'),
(142, 'S01E02 - Wrath of the Northmen', 'Vikings', '2013-03-10', 'English', 'TV-MA'),
(143, 'S01E03 - Dispossessed', 'Vikings', '2013-03-17', 'English', 'TV-MA'),
(144, 'S01E04 - Trial', 'Vikings', '2013-03-24', 'English', 'TV-MA'),
(145, 'S01E05 - Raid', 'Vikings', '2013-03-31', 'English', 'TV-MA'),
(146, 'S01E06 - Burial of the Dead', 'Vikings', '2013-04-07', 'English', 'TV-MA'),
(147, 'S01E07 - A King Ransom', 'Vikings', '2013-04-14', 'English', 'TV-MA'),
(148, 'S01E08 - Sacrifice', 'Vikings', '2013-04-21', 'English', 'TV-MA'),
(149, 'S01E09 - All Change', 'Vikings', '2013-04-28', 'English', 'TV-MA'),
(150, 'S01E10 - Earl Haraldson...', 'Vikings', '2013-05-05', 'English', 'TV-MA');

  SELECT * FROM content_dimension;



--Create content_genre_bridge Table
CREATE TABLE content_genre_bridge (
    content_id INT NOT NULL,   
    genre_id   INT NOT NULL,   
    CONSTRAINT PK_cgb PRIMARY KEY (content_id, genre_id),
    CONSTRAINT FK_cgb_content FOREIGN KEY(content_id)
      REFERENCES content_dimension(content_id),
    CONSTRAINT FK_cgb_genre   FOREIGN KEY(genre_id)
      REFERENCES genre_dimension(genre_id)
);
INSERT INTO content_genre_bridge (content_id, genre_id)
VALUES
(1, 1),
(2, 1),
(3, 1),
(4, 1),
(5, 1),
(6, 1),
(7, 1),
(8, 1),
(9, 1),
(10, 1),
(11, 4),
(12, 4),
(13, 4),
(14, 4),
(15, 4),
(16, 4),
(17, 4),
(18, 4),
(19, 4),
(20, 4),
(21, 6),
(22, 6),
(23, 6),
(24, 6),
(25, 6),
(26, 6),
(27, 6),
(28, 6),
(29, 6),
(30, 6),
(31, 9),
(31, 10),
(32, 9),
(32, 10),
(33, 9),
(33, 10),
(34, 9),
(34, 10),
(35, 9),
(35, 10),
(36, 9),
(36, 10),
(37, 9),
(37, 10),
(38, 9),
(38, 10),
(39, 9),
(39, 10),
(40, 9),
(40, 10),
(41, 12),
(42, 12),
(43, 12),
(44, 12),
(45, 12),
(46, 12),
(47, 12),
(48, 12),
(49, 12),
(50, 12),
(51, 1),
(52, 1),
(53, 1),
(54, 1),
(55, 1),
(56, 1),
(57, 1),
(58, 1),
(59, 1),
(60, 1),
(61, 6),
(62, 6),
(63, 6),
(64, 6),
(65, 6),
(66, 6),
(67, 6),
(68, 6),
(69, 6),
(70, 6),
(71, 6),
(72, 6),
(73, 6),
(74, 6),
(75, 6),
(76, 6),
(77, 6),
(78, 6),
(79, 6),
(80, 6),
(81, 6),
(82, 6),
(83, 6),
(84, 6),
(85, 6),
(86, 6),
(87, 6),
(88, 6),
(89, 6),
(90, 6),
(91, 18),
(92, 18),
(93, 18),
(94, 18),
(95, 18),
(96, 18),
(97, 18),
(98, 18),
(99, 18),
(100, 18),
(101, 1),
(102, 1),
(103, 1),
(104, 1),
(105, 1),
(106, 1),
(107, 1),
(108, 1),
(109, 1),
(110, 1),
(111, 9),
(112, 9),
(113, 9),
(114, 9),
(115, 9),
(116, 9),
(117, 9),
(118, 9),
(119, 9),
(120, 9),
(121, 9),
(121, 22),
(122, 9),
(122, 22),
(123, 9),
(123, 22),
(124, 9),
(124, 22),
(125, 9),
(125, 22),
(126, 9),
(126, 22),
(127, 9),
(127, 22),
(128, 9),
(128, 22),
(129, 9),
(129, 22),
(130, 9),
(130, 22),
(131, 23),
(132, 23),
(133, 23),
(134, 23),
(135, 23),
(136, 23),
(137, 23),
(138, 23),
(139, 23),
(140, 23),
(141, 12),
(142, 12),
(143, 12),
(144, 12),
(145, 12),
(146, 12),
(147, 12),
(148, 12),
(149, 12),
(150, 12);



-- Create dim_series table (Series Derived Dimension)
CREATE TABLE dim_series (
    series_id   INT PRIMARY KEY,             
    series_name NVARCHAR(255) NOT NULL       
);

-- Populate dim_series by extracting distinct series names:
INSERT INTO dim_series (series_id, series_name)
SELECT 
    ROW_NUMBER() OVER (ORDER BY series_name) AS series_id,
    series_name
FROM (
    SELECT DISTINCT series_name 
    FROM content_dimension
) AS derived;

  SELECT * FROM dim_series;


-- Create Customer Engagement Fact Table
CREATE TABLE customer_engagement_fact (
    engagement_id        INT PRIMARY KEY,         
    channel_id           INT NOT NULL,            
    content_id           INT NOT NULL,           
    customer_id          INT NOT NULL,           
    time_id              INT NOT NULL,           
    ad_exposure_id       INT NOT NULL,

    view_count           INT DEFAULT 0,           
    viewing_duration     INT DEFAULT 0,          
    engagement_score     DECIMAL(5, 2) DEFAULT 0,
    
    FOREIGN KEY (channel_id)  REFERENCES Channel_dimension(channel_id),
    FOREIGN KEY (content_id)  REFERENCES content_dimension(content_id),
    FOREIGN KEY (customer_id) REFERENCES Customer_dimension(customer_id),
    FOREIGN KEY (time_id)     REFERENCES Time_dimension(time_id),
    FOREIGN KEY (ad_exposure_id)     REFERENCES ad_exposure_dimension(ad_exposure_id)
);

INSERT INTO customer_engagement_fact 
  (engagement_id, channel_id, content_id, customer_id, time_id, view_count, viewing_duration, engagement_score, ad_exposure_id)
VALUES
(1, 1, 1, 1, 1, 110, 20, 4.5, 1),
(2, 2, 2, 2, 2, 120, 21, 4.5, 2),
(3, 3, 3, 3, 3, 130, 22, 4.5, 3),
(4, 1, 4, 4, 4, 140, 23, 4.5, 4),
(5, 2, 5, 5, 5, 150, 24, 4.5, 5),
(6, 3, 6, 6, 6, 160, 25, 4.5, 6),
(7, 1, 7, 7, 7, 170, 26, 4.5, 7),
(8, 2, 8, 8, 8, 180, 27, 4.5, 8),
(9, 3, 9, 9, 9, 190, 28, 4.5, 9),
(10, 1, 10, 10, 10, 200, 29, 4.5, 10),
(11, 2, 11, 11, 11, 88, 30, 4.2, 11),
(12, 3, 12, 12, 12, 96, 31, 4.2, 12),
(13, 1, 13, 13, 13, 104, 32, 4.2, 13),
(14, 2, 14, 14, 14, 112, 33, 4.2, 14),
(15, 3, 15, 15, 15, 120, 34, 4.2, 15),
(16, 1, 16, 16, 16, 128, 35, 4.2, 16),
(17, 2, 17, 17, 17, 136, 36, 4.2, 17),
(18, 3, 18, 18, 18, 144, 37, 4.2, 18),
(19, 1, 19, 19, 19, 152, 38, 4.2, 19),
(20, 2, 20, 20, 20, 160, 39, 4.2, 20),
(21, 3, 21, 21, 21, 65, 40, 3.8, 1),
(22, 1, 22, 22, 22, 70, 41, 3.8, 2),
(23, 2, 23, 23, 23, 75, 42, 3.8, 3),
(24, 3, 24, 24, 24, 80, 43, 3.8, 4),
(25, 1, 25, 25, 25, 85, 44, 3.8, 5),
(26, 2, 26, 26, 26, 90, 45, 3.8, 6),
(27, 3, 27, 27, 27, 95, 46, 3.8, 7),
(28, 1, 28, 28, 28, 100, 47, 3.8, 8),
(29, 2, 29, 29, 29, 105, 48, 3.8, 9),
(30, 3, 30, 30, 30, 110, 49, 3.8, 10),
(31, 1, 31, 31, 1, 97, 20, 4, 11),
(32, 2, 32, 32, 2, 104, 21, 4, 12),
(33, 3, 33, 33, 3, 111, 22, 4, 13),
(34, 1, 34, 34, 4, 118, 23, 4, 14),
(35, 2, 35, 35, 5, 125, 24, 4, 15),
(36, 3, 36, 36, 6, 132, 25, 4, 16),
(37, 1, 37, 37, 7, 139, 26, 4, 17),
(38, 2, 38, 38, 8, 146, 27, 4, 18),
(39, 3, 39, 39, 9, 153, 28, 4, 19),
(40, 1, 40, 40, 10, 160, 29, 4, 20),
(41, 2, 41, 41, 11, 76, 60, 3.9, 1),
(42, 3, 42, 42, 12, 82, 61, 3.9, 2),
(43, 1, 43, 43, 13, 88, 62, 3.9, 3),
(44, 2, 44, 44, 14, 94, 63, 3.9, 4),
(45, 3, 45, 45, 15, 100, 64, 3.9, 5),
(46, 1, 46, 46, 16, 106, 65, 3.9, 6),
(47, 2, 47, 47, 17, 112, 66, 3.9, 7),
(48, 3, 48, 48, 18, 118, 67, 3.9, 8),
(49, 1, 49, 49, 19, 124, 68, 3.9, 9),
(50, 2, 50, 50, 20, 130, 69, 3.9, 10),
(51, 1, 51, 51, 43, 189, 58, 2.68, 11),
(52, 2, 52, 52, 42, 169, 21, 2.08, 12),
(53, 3, 53, 53, 42, 174, 21, 4.22, 13),
(54, 1, 54, 54, 10, 189, 49, 3.68, 14),
(55, 2, 55, 55, 16, 166, 28, 2.44, 15),
(56, 3, 56, 56, 1, 95, 38, 4.11, 16),
(57, 1, 57, 57, 2, 87, 52, 2.25, 17),
(58, 2, 58, 58, 21, 91, 34, 2.64, 18),
(59, 3, 59, 59, 16, 109, 60, 4.49, 19),
(60, 1, 60, 60, 29, 180, 16, 2.92, 20),
(61, 2, 61, 61, 24, 128, 53, 1.61, 1),
(62, 3, 62, 62, 11, 191, 33, 1.86, 2),
(63, 1, 63, 63, 6, 85, 33, 4.47, 3),
(64, 2, 64, 64, 7, 190, 18, 1.75, 4),
(65, 3, 65, 65, 23, 192, 22, 3.11, 5),
(66, 1, 66, 66, 46, 171, 40, 3.96, 6),
(67, 2, 67, 67, 49, 156, 29, 2.5, 7),
(68, 3, 68, 68, 43, 118, 33, 3.75, 8),
(69, 1, 69, 69, 27, 140, 21, 2.19, 9),
(70, 2, 70, 70, 38, 125, 43, 3.01, 10),
(71, 3, 71, 71, 31, 147, 17, 3.88, 11),
(72, 1, 72, 72, 22, 160, 30, 2.14, 12),
(73, 2, 73, 73, 33, 133, 27, 3.62, 13),
(74, 3, 74, 74, 47, 189, 55, 1.97, 14),
(75, 1, 75, 75, 31, 172, 26, 3.54, 15),
(76, 2, 76, 76, 50, 142, 35, 2.41, 16),
(77, 3, 77, 77, 34, 157, 28, 3.32, 17),
(78, 1, 78, 78, 27, 196, 18, 2.03, 18),
(79, 2, 79, 79, 38, 144, 60, 4.25, 19),
(80, 3, 80, 80, 34, 131, 39, 2.75, 20),
(81, 1, 81, 81, 9, 158, 24, 3.11, 1),
(82, 2, 82, 82, 48, 149, 34, 2.49, 2),
(83, 3, 83, 83, 10, 178, 19, 3.64, 3),
(84, 1, 84, 84, 14, 112, 58, 2.22, 4),
(85, 2, 85, 85, 25, 187, 31, 3, 5),
(86, 3, 86, 86, 45, 139, 20, 2.18, 6),
(87, 1, 87, 87, 49, 121, 42, 4.11, 7),
(88, 2, 88, 88, 3, 115, 27, 2.34, 8),
(89, 3, 89, 89, 36, 166, 36, 3.78, 9),
(90, 1, 90, 90, 13, 129, 25, 2.85, 10),
(91, 2, 91, 91, 37, 195, 44, 1.97, 11),
(92, 3, 92, 92, 24, 170, 50, 4.12, 12),
(93, 1, 93, 93, 40, 102, 29, 3.53, 13),
(94, 2, 94, 94, 41, 180, 33, 2.26, 14),
(95, 3, 95, 95, 19, 144, 21, 3.87, 15),
(96, 1, 96, 96, 17, 136, 32, 2.44, 16),
(97, 2, 97, 97, 12, 183, 26, 3.18, 17),
(98, 3, 98, 98, 11, 121, 49, 2.75, 18),
(99, 1, 99, 99, 8, 157, 19, 3.09, 19),
(100, 2, 100, 100, 35, 135, 23, 2.64, 20),
(101, 3, 101, 101, 50, 146, 28, 3.94, 1),
(102, 1, 102, 102, 47, 168, 34, 2.13, 2),
(103, 2, 103, 103, 3, 153, 31, 1.99, 3),
(104, 3, 104, 104, 2, 124, 60, 3.35, 4),
(105, 1, 105, 105, 17, 117, 42, 2.57, 5),
(106, 2, 106, 106, 39, 181, 20, 3.1, 6),
(107, 3, 107, 107, 9, 128, 27, 2.33, 7),
(108, 1, 108, 108, 19, 159, 38, 3.64, 8),
(109, 2, 109, 109, 23, 149, 21, 2.49, 9),
(110, 3, 110, 110, 13, 178, 46, 1.82, 10),
(111, 1, 111, 111, 25, 132, 25, 2.78, 11),
(112, 2, 112, 112, 6, 141, 30, 3.19, 12),
(113, 3, 113, 113, 7, 164, 26, 3.02, 13),
(114, 1, 114, 114, 18, 158, 40, 2.47, 14),
(115, 2, 115, 115, 33, 173, 28, 3.68, 15),
(116, 3, 116, 116, 20, 121, 33, 2.01, 16),
(117, 1, 117, 117, 30, 167, 19, 3.84, 17),
(118, 2, 118, 118, 44, 129, 43, 2.36, 18),
(119, 3, 119, 119, 41, 185, 20, 3.5, 19),
(120, 1, 120, 120, 21, 119, 35, 1.9, 20),
(121, 2, 121, 121, 1, 160, 37, 3.25, 1),
(122, 3, 122, 122, 46, 152, 28, 2.78, 2),
(123, 1, 123, 123, 8, 137, 44, 3.47, 3),
(124, 2, 124, 124, 44, 114, 22, 2.18, 4),
(125, 3, 125, 125, 4, 148, 50, 3.82, 5),
(126, 1, 126, 126, 40, 176, 17, 3.04, 6),
(127, 2, 127, 127, 26, 165, 28, 2.56, 7),
(128, 3, 128, 128, 22, 142, 39, 3.71, 8),
(129, 1, 129, 129, 35, 183, 24, 1.98, 9),
(130, 2, 130, 130, 28, 150, 20, 3.27, 10),
(131, 3, 131, 131, 15, 157, 46, 2.12, 11),
(132, 1, 132, 132, 30, 123, 31, 3.59, 12),
(133, 2, 133, 133, 28, 174, 27, 2.05, 13),
(134, 3, 134, 134, 39, 165, 32, 3.9, 14),
(135, 1, 135, 135, 48, 139, 26, 1.89, 15),
(136, 2, 136, 136, 5, 178, 55, 1.84, 16),
(137, 3, 137, 137, 5, 151, 15, 2.81, 17),
(138, 1, 138, 138, 26, 138, 31, 2.01, 18),
(139, 2, 139, 139, 12, 130, 18, 1.75, 19),
(140, 3, 140, 140, 20, 105, 34, 1.53, 20),
(141, 1, 141, 141, 37, 135, 48, 1.86, 1),
(142, 2, 142, 142, 14, 161, 30, 2.12, 2),
(143, 3, 143, 143, 18, 112, 27, 1.87, 3),
(144, 1, 144, 144, 29, 129, 52, 2.18, 4),
(145, 2, 145, 145, 32, 140, 29, 3.11, 5),
(146, 3, 146, 146, 36, 164, 15, 3.85, 6),
(147, 1, 147, 147, 45, 80, 28, 3.99, 7),
(148, 2, 148, 148, 4, 88, 50, 3.59, 8),
(149, 3, 149, 149, 15, 186, 55, 1.68, 9),
(150, 1, 150, 150, 32, 111, 38, 1.94, 10),
(151, 1, 17, 151, 12, 102, 45, 3.14, 11),
(152, 2, 23, 152, 30, 158, 21, 4.01, 12),
(153, 3, 8, 153, 5, 187, 57, 2.99, 13),
(154, 1, 45, 154, 50, 75, 15, 1.75, 14),
(155, 2, 3, 155, 2, 143, 48, 3.65, 15),
(156, 3, 38, 156, 47, 165, 38, 4.22, 16),
(157, 1, 12, 157, 19, 120, 27, 3.08, 17),
(158, 2, 27, 158, 26, 135, 34, 2.47, 18),
(159, 3, 50, 159, 9, 68, 50, 4.8, 19),
(160, 1, 6, 160, 33, 180, 29, 3.33, 20),
(161, 2, 33, 161, 14, 95, 33, 2.97, 1),
(162, 3, 14, 162, 8, 130, 11, 4.1, 2),
(163, 1, 29, 163, 41, 177, 37, 3.85, 3),
(164, 2, 2, 164, 3, 83, 18, 2.14, 4),
(165, 3, 41, 165, 27, 155, 55, 4.59, 5),
(166, 1, 10, 166, 17, 110, 22, 3.02, 6),
(167, 2, 19, 167, 39, 98, 41, 2.72, 7),
(168, 3, 35, 168, 11, 146, 17, 3.98, 8),
(169, 1, 48, 169, 25, 58, 43, 1.89, 9),
(170, 2, 21, 170, 42, 199, 26, 4.2, 10),
(171, 3, 7, 171, 6, 105, 52, 3.45, 11),
(172, 1, 30, 172, 35, 165, 35, 2.68, 12),
(173, 2, 16, 173, 13, 89, 16, 4.03, 13),
(174, 3, 39, 174, 48, 141, 53, 3.91, 14),
(175, 1, 5, 175, 1, 135, 19, 2.54, 15),
(176, 2, 24, 176, 29, 160, 47, 4.16, 16),
(177, 3, 11, 177, 18, 73, 14, 3.11, 17),
(178, 1, 42, 178, 36, 182, 60, 2.84, 18),
(179, 2, 9, 179, 7, 112, 31, 4.47, 19),
(180, 3, 36, 180, 32, 150, 40, 3.7, 20),
(181, 1, 13, 181, 20, 122, 13, 2.36, 1),
(182, 2, 20, 182, 49, 178, 35, 4.12, 2),
(183, 3, 4, 183, 23, 133, 32, 3.53, 3),
(184, 1, 26, 184, 16, 69, 33, 2.26, 4),
(185, 2, 15, 185, 44, 147, 21, 3.87, 5),
(186, 3, 32, 186, 21, 101, 32, 2.44, 6),
(187, 1, 1, 187, 37, 64, 37, 3.18, 7),
(188, 2, 28, 188, 45, 159, 28, 2.42, 8),
(189, 3, 46, 189, 11, 134, 49, 4.3, 9),
(190, 1, 18, 190, 4, 59, 36, 3.51, 10),
(191, 2, 49, 191, 37, 148, 40, 2.69, 11),
(192, 3, 25, 192, 15, 137, 15, 4.07, 12),
(193, 1, 31, 193, 46, 81, 55, 3.39, 13),
(194, 2, 43, 194, 31, 197, 46, 2.88, 14),
(195, 3, 40, 195, 24, 116, 26, 4.18, 15),
(196, 1, 47, 196, 43, 153, 28, 3.66, 16),
(197, 2, 44, 197, 34, 126, 34, 2.44, 17),
(198, 3, 22, 198, 29, 172, 50, 4.25, 18),
(199, 1, 34, 199, 38, 140, 58, 3, 19),
(200, 2, 37, 200, 40, 190, 23, 1.94, 20);

  SELECT * FROM customer_engagement_fact;

-- Create series_monthly_aggregate_fact Table (Aggregation over Month and Series, with Customer)
CREATE TABLE series_monthly_aggregate_fact (
    series_monthly_agg_id  INT PRIMARY KEY,         
    series_id              INT NOT NULL,            
    month_id               INT NOT NULL,            
    customer_id            INT NOT NULL,            
    total_view_count       INT DEFAULT 0,          
    total_viewing_duration INT DEFAULT 0,          
    avg_engagement_score   DECIMAL(5,2) DEFAULT 0,  
    FOREIGN KEY (series_id)   REFERENCES dim_series(series_id),
    FOREIGN KEY (month_id)    REFERENCES dim_month(month_id),
    FOREIGN KEY (customer_id) REFERENCES Customer_dimension(customer_id)
);

INSERT INTO series_monthly_aggregate_fact (
    series_monthly_agg_id,
    series_id,
    month_id,
    customer_id,
    total_view_count,
    total_viewing_duration,
    avg_engagement_score
)
SELECT 
    ROW_NUMBER() OVER (ORDER BY ds.series_id, dm.month_id, cef.customer_id) AS series_monthly_agg_id,
    ds.series_id,                     
    dm.month_id,                      
    cef.customer_id,
    SUM(cef.view_count) AS total_view_count,
    SUM(cef.viewing_duration) AS total_viewing_duration,
    AVG(cef.engagement_score) AS avg_engagement_score
FROM customer_engagement_fact cef
JOIN content_dimension cd 
    ON cef.content_id = cd.content_id
JOIN dim_series ds 
    ON cd.series_name = ds.series_name   
JOIN Time_dimension t 
    ON cef.time_id = t.time_id
JOIN dim_month dm 
    ON dm.month_record = t.month_record 
       AND dm.quarter_record = t.quarter_record 
       AND dm.year_record = t.year_record
GROUP BY ds.series_id, dm.month_id, cef.customer_id;

SELECT * FROM series_monthly_aggregate_fact;